call_id,caller,callee,start_ts,duration_s,status
995e3c43-0ef7-4ffe-8999-d871b3cd4ee7,+48123451020,+48123452912,2025-12-19T23:35:45+00:00,467,ANSWERED
f7d13f51-42c4-41bd-9520-53dc940b2383,+48123451004,+48123458033,2025-12-07T16:18:55+00:00,1219,ANSWERED
e57c4eda-0d84-4364-aad6-fd6eb87083ca,+48123451013,+48123452260,2025-12-22T13:11:46+00:00,1044,ANSWERED
60323de8-ddf7-4b3b-a54a-1eb7d5d95c8f,+48123451019,+48123452217,2025-12-02T22:09:16+00:00,1126,ANSWERED
12db45cd-f8c7-46dd-8bb3-e88a0eebdeb4,+48123451013,+48123453805,2025-12-19T20:08:09+00:00,1790,ANSWERED
6c861a49-013f-42d9-8fa5-b47bc16a3d08,+48123451000,+48123458216,2025-12-13T06:23:39+00:00,0,FAILED
627a42e7-d5ef-4c59-a3d6-853847149e35,+48123451008,+48123453273,2025-12-17T04:20:54+00:00,199,ANSWERED
d7b93b61-5baf-4451-8e69-95444ef50a98,+48123451012,+48123452792,2025-12-16T20:18:22+00:00,551,ANSWERED
2be94670-016b-4451-afeb-7b35577b9889,+48123451001,+48123457977,2025-12-26T19:39:01+00:00,785,ANSWERED
66266660-6be7-407e-af48-4a1c1131bc34,+48123451002,+48123456522,2025-12-03T21:21:21+00:00,1774,ANSWERED
911adaac-e0c2-46c5-899c-1f8b3991f14c,+48123451011,+48123456729,2025-12-29T08:01:58+00:00,1364,ANSWERED
a4b656c3-ddea-4585-9a03-ae0cc887cacf,+48123451007,+48123458332,2025-12-28T20:50:06+00:00,486,ANSWERED
c5caedc6-612b-41d1-bf80-ea3baf229fd1,+48123451003,+48123455113,2025-12-03T13:39:07+00:00,757,ANSWERED
15f397a2-82c2-4e03-bbe6-b0b9a3579d02,+48123451005,+48123455032,2025-12-20T08:23:16+00:00,1409,ANSWERED
4bf13a38-341e-48a7-977a-c4e8af2a899f,+48123451020,+48123452584,2025-12-24T17:04:26+00:00,1503,ANSWERED
c0853e45-1afa-435f-9cd3-89c6559b9341,+48123451007,+48123453338,2025-12-20T05:08:01+00:00,1320,ANSWERED
a8abc27e-bed5-4afd-a573-1ecc94b5957b,+48123451022,+48123456562,2025-12-17T17:47:07+00:00,1583,ANSWERED
a6e3501b-7b39-4d15-95f6-0f2a885caecd,+48123451024,+48123452458,2025-12-31T00:56:09+00:00,656,ANSWERED
c283eeaa-cf5d-44be-8a66-12a4b6804303,+48123451012,+48123454193,2025-12-06T16:29:04+00:00,1480,ANSWERED
cc0fdf78-affd-406d-a905-243a4b34e5f9,+48123451010,+48123453741,2025-12-14T11:51:04+00:00,1326,ANSWERED
770c6ff3-329d-471e-9d62-124f52b71b79,+48123451014,+48123453170,2025-12-21T06:37:13+00:00,1159,ANSWERED
78a8361b-ee9b-4a1a-bfa4-46301612f062,+48123451017,+48123454152,2025-12-13T00:02:03+00:00,1205,ANSWERED
e25be81b-b07a-4fbb-91ec-932a243219da,+48123451012,+48123454965,2025-12-26T04:54:28+00:00,1020,ANSWERED
68949d5b-4cdf-4ef4-8f6b-42fc0354beba,+48123451002,+48123458191,2025-12-27T12:14:51+00:00,1295,ANSWERED
2b30d8e1-88d6-4598-b9d7-567481878ba2,+48123451005,+48123458488,2025-12-05T08:33:56+00:00,798,ANSWERED
6ec22a00-fa75-4e03-add8-b71d9bd72ad2,+48123451012,+48123456881,2025-12-08T10:03:44+00:00,0,BUSY
21bcaef6-e024-47ff-9500-752dc05f24d3,+48123451017,+48123459051,2025-12-27T06:52:17+00:00,0,BUSY
cf3cd43b-afe1-416c-b2fb-b15ff6b333a1,+48123451017,+48123458151,2025-12-03T07:53:39+00:00,238,ANSWERED
f52e2435-825d-47a5-a6dd-c4f4488d66f3,+48123451009,+48123455561,2026-01-01T08:27:14+00:00,1483,ANSWERED
cb1cb8c5-0860-4816-a864-8c5150dd1963,+48123451008,+48123459961,2025-12-24T08:51:28+00:00,227,ANSWERED
59fa5841-a281-489f-a84c-cf86e5342e88,+48123451020,+48123454444,2025-12-09T09:29:22+00:00,0,FAILED
af92a033-614d-43a8-be29-f531eb889a86,+48123451006,+48123453252,2025-12-25T03:32:26+00:00,1604,ANSWERED
37cc111a-44e3-488e-a46d-cd057ceb8d6a,+48123451016,+48123459524,2025-12-17T17:56:29+00:00,49,ANSWERED
92299cc1-c235-4e4a-a967-5a1f6c8e1908,+48123451003,+48123459611,2025-12-18T12:06:45+00:00,128,ANSWERED
70f7eb2d-2ad1-4423-be86-a12b0c4a147a,+48123451007,+48123459192,2025-12-28T21:58:55+00:00,1508,ANSWERED
ac9a616e-c8f2-45aa-a6cd-95a6676d88f2,+48123451015,+48123458684,2025-12-08T06:08:11+00:00,267,ANSWERED
8ab27967-fe34-404f-9249-a57e33eab713,+48123451004,+48123457404,2025-12-07T11:28:50+00:00,552,ANSWERED
b0df2598-eb23-4ac8-9883-ecb8c25d6998,+48123451016,+48123459146,2025-12-22T20:39:01+00:00,1114,ANSWERED
eae7e566-715f-4945-9c5a-bdcfe990adcb,+48123451024,+48123457979,2025-12-18T07:31:35+00:00,1385,ANSWERED
d5634735-7e53-4457-aa3f-ee463ad4e440,+48123451020,+48123455059,2025-12-08T22:40:32+00:00,257,ANSWERED
4630a5ad-05cc-4080-bd46-9d8c61774962,+48123451007,+48123453840,2025-12-31T13:01:23+00:00,1144,ANSWERED
38cb8519-0ad1-458c-9bd2-9b74c1d7545e,+48123451007,+48123456820,2025-12-29T06:27:15+00:00,1302,ANSWERED
d6a7b6ae-380b-432d-a3fb-3593f46181af,+48123451001,+48123453875,2025-12-31T01:41:05+00:00,686,ANSWERED
19e7dd3f-b763-4275-8ae4-797511888362,+48123451002,+48123456211,2025-12-10T09:47:47+00:00,1114,ANSWERED
459601d4-055b-459d-9775-e80462c989c7,+48123451004,+48123457925,2025-12-06T12:16:24+00:00,0,BUSY
e83a8c53-6c75-4a30-87ef-083d1567cfa8,+48123451015,+48123453990,2025-12-13T23:22:48+00:00,0,FAILED
72583dc0-ef36-4d4a-b0f9-3a26ff7e7fbe,+48123451003,+48123452794,2025-12-16T09:00:33+00:00,851,ANSWERED
63eda19f-3aad-4afe-a288-619496f64d74,+48123451014,+48123459076,2025-12-02T18:15:19+00:00,211,ANSWERED
883d78ab-6968-4b36-9432-8aec703fc7f0,+48123451001,+48123455298,2025-12-27T12:38:45+00:00,402,ANSWERED
230168b9-72e4-457a-a671-bdd88d49a749,+48123451006,+48123456393,2025-12-13T07:11:49+00:00,580,ANSWERED
0f565909-ba61-4a26-b97f-50c38bcdc13f,+48123451014,+48123454046,2025-12-29T01:39:32+00:00,0,FAILED
286397bb-4047-4593-99d1-c1dc27dfd15f,+48123451017,+48123452802,2025-12-07T21:32:07+00:00,40,ANSWERED
7109a00e-a5c0-405d-8a7f-b84d0ad3e5ea,+48123451002,+48123459588,2025-12-21T17:48:50+00:00,0,FAILED
db25d170-36cc-49a9-9e30-dc49cda4925a,+48123451013,+48123455978,2025-12-14T05:57:03+00:00,130,ANSWERED
2eb5d464-efa6-48f8-87ee-09054dcfd95b,+48123451005,+48123455104,2025-12-14T17:33:44+00:00,1615,ANSWERED
3bd8e040-6952-4c1c-8449-c2f215d8994f,+48123451014,+48123454336,2025-12-07T04:57:18+00:00,1481,ANSWERED
9028417a-523b-496b-b921-1b2f6cb9cc98,+48123451015,+48123453268,2025-12-22T14:12:57+00:00,1196,ANSWERED
ea3377b2-03e6-4399-84e1-20a851cb932c,+48123451023,+48123456441,2025-12-18T05:27:57+00:00,112,ANSWERED
f80a8e4e-36e5-449b-b453-2d91d4560753,+48123451018,+48123455905,2025-12-08T07:52:50+00:00,126,ANSWERED
faadfa52-17d4-4f0d-937c-59fbbc7e040a,+48123451016,+48123452656,2025-12-29T09:09:22+00:00,0,FAILED
a81223aa-b26d-44bb-b11e-29a5a77ba084,+48123451002,+48123457531,2025-12-14T02:58:53+00:00,0,FAILED
a2c907b3-8b18-4022-9c5f-2ea80429dae6,+48123451018,+48123454016,2025-12-30T16:35:21+00:00,177,ANSWERED
a42338bb-9207-4830-bd6e-2013b2c82b3a,+48123451013,+48123457385,2025-12-08T16:58:40+00:00,544,ANSWERED
9a7ecac1-11f7-4292-9be1-49c0a4d00b5b,+48123451006,+48123457486,2025-12-21T15:17:44+00:00,820,ANSWERED
dd510acf-4f66-4239-9885-21ba7fedae25,+48123451004,+48123457502,2025-12-11T16:35:40+00:00,1549,ANSWERED
f01de95c-7d95-42d7-b520-9b7b2eb25638,+48123451002,+48123452076,2025-12-06T21:03:54+00:00,160,ANSWERED
8cc3031a-5afe-4a56-8ce3-a7d188007c80,+48123451017,+48123453746,2025-12-26T11:19:01+00:00,724,ANSWERED
d83639be-f292-445c-84e5-aa14bce196e7,+48123451002,+48123459202,2025-12-19T12:43:50+00:00,907,ANSWERED
80171f3f-d546-47c6-ac84-a71f206a4eee,+48123451017,+48123457763,2025-12-02T17:41:27+00:00,26,ANSWERED
2d413c52-98a6-4c8c-9de4-ce91af231960,+48123451021,+48123458693,2025-12-27T18:51:04+00:00,285,ANSWERED
6c45aeb8-1925-4dca-90c0-c1cdc8e6cfae,+48123451008,+48123452945,2025-12-07T07:43:51+00:00,0,FAILED
1e1648a1-3395-4371-aa40-c8e795e8d622,+48123451008,+48123454308,2025-12-16T21:28:47+00:00,1417,ANSWERED
61a58b87-19d6-4181-b790-f83114e76ba0,+48123451020,+48123458987,2025-12-10T06:23:44+00:00,1742,ANSWERED
c057b555-fd64-47e1-b713-18d31b82b605,+48123451001,+48123452756,2025-12-19T21:47:58+00:00,17,ANSWERED
c6bdaa32-244a-43d6-a4c0-89f9de890f8c,+48123451010,+48123458317,2025-12-20T13:52:50+00:00,1528,ANSWERED
e831ebe0-79f9-4039-8f90-38bd7c15d672,+48123451014,+48123456519,2025-12-06T23:21:00+00:00,239,ANSWERED
2ac14a29-0794-4e1b-93cc-27dee7a51946,+48123451002,+48123459741,2025-12-25T17:11:26+00:00,0,FAILED
687e7adc-a432-4d33-9ca0-33558f2506ed,+48123451001,+48123458837,2025-12-07T08:29:51+00:00,890,ANSWERED
6a94c336-cd98-4f91-9780-d1fa08c38b80,+48123451004,+48123452342,2025-12-30T16:25:03+00:00,742,ANSWERED
f9b15275-c576-4d70-afd1-0c69bd27a6c6,+48123451006,+48123457587,2025-12-27T19:43:38+00:00,1607,ANSWERED
3e39ba89-f57e-4a9f-93f6-d579369a90fe,+48123451017,+48123459242,2025-12-04T06:04:13+00:00,0,FAILED
9ae6d83b-d2ae-4fb5-867f-5fbe935346a7,+48123451004,+48123459583,2025-12-25T02:30:09+00:00,0,BUSY
6da25d5f-08d3-4fc5-8049-2d0763a09823,+48123451005,+48123459220,2025-12-24T08:05:13+00:00,690,ANSWERED
e105f712-38fb-4f29-a1b3-5ec0d2634e18,+48123451013,+48123458571,2025-12-21T04:56:43+00:00,336,ANSWERED
f3ff0a92-d047-45a1-9eb3-6ca4a703e15a,+48123451022,+48123452885,2025-12-30T17:42:06+00:00,973,ANSWERED
25e31e86-c247-40ac-8ea7-89f26c662018,+48123451007,+48123453634,2025-12-11T13:13:38+00:00,0,FAILED
7d10cff0-f17e-4b43-b28c-39547cb033a0,+48123451009,+48123458721,2025-12-22T03:24:46+00:00,0,FAILED
de448c50-8250-437f-88ba-887dd01f80e8,+48123451000,+48123457406,2025-12-17T13:27:43+00:00,1780,ANSWERED
3aa359a0-10d8-43d9-aad1-fbcbc07e936b,+48123451002,+48123459920,2025-12-16T12:27:19+00:00,0,FAILED
14eb5e01-0758-4f7f-aae2-2f6d33c93a8b,+48123451016,+48123455274,2025-12-08T02:18:39+00:00,66,ANSWERED
ae2769f8-ae4f-43cf-ac8a-89f1d6a2a70c,+48123451003,+48123459184,2025-12-24T08:57:23+00:00,0,BUSY
f479d44c-a545-422d-84c3-7e0efa4d91bb,+48123451008,+48123452313,2025-12-12T17:20:38+00:00,1502,ANSWERED
6ad1f1b8-796d-4a85-b11d-101324abdc64,+48123451010,+48123455574,2025-12-09T05:23:53+00:00,798,ANSWERED
0e42af09-791f-49e8-9f65-3079508e2c04,+48123451018,+48123453557,2025-12-12T15:43:00+00:00,1074,ANSWERED
1c7a4083-e966-4052-9030-6d57baeacbd4,+48123451017,+48123457626,2025-12-23T12:47:37+00:00,893,ANSWERED
c348f8b3-3249-4d94-96b1-37a92009cccd,+48123451002,+48123459773,2025-12-17T11:20:21+00:00,652,ANSWERED
08bf13ca-2809-4625-9052-e73d6ddba9d9,+48123451021,+48123458946,2025-12-18T19:58:28+00:00,643,ANSWERED
5f25aa2a-b3fd-4c61-845c-29b545643c7e,+48123451021,+48123455345,2025-12-19T01:03:25+00:00,270,ANSWERED
697c2751-0b86-41f8-9653-3df3bf188155,+48123451006,+48123455444,2025-12-15T05:52:17+00:00,1542,ANSWERED
bf97ede4-1a34-4562-96b7-d6c69ef61b51,+48123451005,+48123457042,2025-12-14T00:27:25+00:00,1717,ANSWERED
5a5a1ef6-c90e-481f-bb30-04451d4a6028,+48123451000,+48123454489,2025-12-12T22:26:10+00:00,1197,ANSWERED
77f7a6c8-c985-48d1-b505-8a8ceb206a67,+48123451019,+48123457363,2025-12-12T09:27:32+00:00,1393,ANSWERED
8532310b-c014-497b-929c-397be7ee0302,+48123451006,+48123456187,2025-12-24T18:39:18+00:00,183,ANSWERED
38d473d6-5a8d-4eb2-8956-3279b69a036e,+48123451009,+48123456222,2025-12-04T07:36:39+00:00,201,ANSWERED
4889c6f8-ce7c-4e79-acef-901224ccefd9,+48123451024,+48123453924,2025-12-22T06:37:09+00:00,417,ANSWERED
f0ce51c3-d2e9-4e51-9eef-e995c4335314,+48123451004,+48123452200,2025-12-10T21:01:21+00:00,1750,ANSWERED
7346b5a0-c305-4877-96cb-414be3228f6b,+48123451024,+48123452596,2025-12-03T20:07:24+00:00,408,ANSWERED
31ef741c-85cb-46e9-94f6-b0bbdccd7b61,+48123451022,+48123457704,2025-12-14T07:28:45+00:00,312,ANSWERED
601a10bc-f640-4ddf-a099-fc4baa888ac7,+48123451020,+48123457633,2025-12-27T15:34:11+00:00,880,ANSWERED
97c1778d-6cf1-4284-9015-0ace23e8ad8c,+48123451007,+48123453440,2025-12-08T22:15:31+00:00,0,FAILED
85b5b171-1fea-4a21-a9ea-57725037e485,+48123451001,+48123456566,2025-12-26T23:26:31+00:00,283,ANSWERED
92c011b5-f5f9-4810-ac87-d8a7df1fbf46,+48123451014,+48123457468,2025-12-07T01:30:22+00:00,659,ANSWERED
80b66a2d-ec2f-42c3-9a3a-802984c1114d,+48123451024,+48123459302,2025-12-09T12:38:33+00:00,1711,ANSWERED
9922b15a-99fb-4c06-b815-877f7d49abce,+48123451017,+48123455652,2025-12-10T21:31:32+00:00,0,FAILED
80b13e26-b1ed-4b6b-bb7f-5ccb6851f7d4,+48123451008,+48123458158,2025-12-03T11:30:43+00:00,1578,ANSWERED
e68a56ae-26f4-4db0-8a6a-97abb7913608,+48123451024,+48123456270,2025-12-21T14:40:43+00:00,910,ANSWERED
aa52d1c9-266b-4620-83ff-50b2ef485ae5,+48123451002,+48123457845,2025-12-20T03:12:39+00:00,664,ANSWERED
ea36c557-8f38-454f-a752-b51cf6390c4d,+48123451017,+48123452660,2025-12-21T23:24:36+00:00,1431,ANSWERED
2e02c876-3b68-4575-aa07-37a759767878,+48123451004,+48123457786,2025-12-13T14:51:34+00:00,687,ANSWERED
83bbbf01-0413-4c07-a379-3621baea7b29,+48123451017,+48123455816,2025-12-23T02:04:07+00:00,870,ANSWERED
5285e1a7-8227-4a32-a114-a1490f155fc6,+48123451012,+48123459412,2025-12-31T14:39:06+00:00,0,FAILED
c6924f19-f5fd-40d8-b881-9a0c8a925143,+48123451024,+48123456716,2026-01-01T05:33:38+00:00,621,ANSWERED
59371c5f-f3a0-4002-9fc8-ca2463853a51,+48123451024,+48123455194,2025-12-13T10:19:26+00:00,0,FAILED
f4ed6674-675d-4fee-8f1e-c666dc496ae7,+48123451023,+48123458018,2025-12-05T01:05:03+00:00,461,ANSWERED
a7c43367-5b3f-46d8-be81-ecd8febdce05,+48123451015,+48123453797,2025-12-10T09:32:59+00:00,806,ANSWERED
f1d801fa-689f-49b1-ac1b-412861fa7ca9,+48123451010,+48123457479,2025-12-14T02:22:14+00:00,348,ANSWERED
1a7b550a-70f6-483c-9573-b1c4bdad42b2,+48123451014,+48123459532,2025-12-04T04:19:26+00:00,65,ANSWERED
38d59527-c518-486b-8f06-c2c56baedb49,+48123451012,+48123456848,2025-12-31T06:23:55+00:00,1326,ANSWERED
ad2eccdc-2025-4953-a840-2ea8c8eb0084,+48123451013,+48123453111,2025-12-24T05:30:57+00:00,0,FAILED
713f169c-bdc4-4f5c-a012-4282c2fbf26a,+48123451008,+48123455105,2025-12-11T19:20:40+00:00,701,ANSWERED
6e2739e0-2a71-4479-b7bf-22aad11d901b,+48123451024,+48123459206,2025-12-13T07:32:44+00:00,1719,ANSWERED
b0b65830-d14a-4e95-8c39-77d30c251c15,+48123451002,+48123455852,2025-12-07T22:48:57+00:00,726,ANSWERED
f6af227f-14ca-468d-aa7b-ce92ed381437,+48123451007,+48123457325,2025-12-02T20:06:58+00:00,1554,ANSWERED
dce40e4f-2f81-412d-a2a0-8146de9cc5bb,+48123451000,+48123459779,2025-12-31T13:44:21+00:00,322,ANSWERED
11428a85-40d1-4822-befe-dd2e8612d4ce,+48123451007,+48123453034,2025-12-27T07:03:24+00:00,456,ANSWERED
f651d1a1-7a4d-47c2-bb17-87d28dad2ead,+48123451014,+48123457730,2025-12-15T17:04:50+00:00,1250,ANSWERED
f3a9222a-6529-46f4-9762-8f8762c1aaa2,+48123451019,+48123459894,2025-12-27T06:53:11+00:00,1687,ANSWERED
ca474869-f791-4514-8e1b-dd385fab333d,+48123451005,+48123459902,2025-12-06T03:55:59+00:00,648,ANSWERED
91dfedc0-4cea-46a0-a1fa-5f701a947a55,+48123451018,+48123457548,2025-12-15T10:03:35+00:00,0,BUSY
05b19875-ad85-47ec-989a-de08a5a7800a,+48123451022,+48123453624,2025-12-03T22:53:45+00:00,218,ANSWERED
e01d76b2-03ad-4a78-b20e-3d67651647ea,+48123451022,+48123458328,2025-12-05T04:11:09+00:00,257,ANSWERED
c44c1dc4-f900-4c4b-8e26-7f216f2743b2,+48123451018,+48123458411,2025-12-08T06:06:33+00:00,1364,ANSWERED
4ec6943b-1445-461c-aa07-c9bf4bd33cd4,+48123451011,+48123452564,2025-12-16T23:18:00+00:00,1749,ANSWERED
0d1b629e-f9f5-4b4b-8b85-45efd5fa018a,+48123451013,+48123458736,2025-12-12T18:28:37+00:00,1311,ANSWERED
f5677e28-a5bb-4c4d-9045-882c3acc7575,+48123451014,+48123457794,2025-12-24T11:36:14+00:00,1078,ANSWERED
3d716b66-e2b4-402b-996b-949281fadf54,+48123451020,+48123454212,2025-12-08T00:10:11+00:00,1000,ANSWERED
1694121c-0f67-4f57-bdb1-773e4d52803f,+48123451014,+48123455568,2025-12-05T12:51:43+00:00,0,FAILED
bb7c6f92-82ed-44d0-828f-25ddbe289d5d,+48123451010,+48123458977,2025-12-28T13:20:43+00:00,933,ANSWERED
62963bc5-e344-4366-ab0b-c65aeef56581,+48123451007,+48123458147,2025-12-04T17:21:18+00:00,786,ANSWERED
fbf766ff-0bf8-4f9b-a69c-04f5f1b24b89,+48123451010,+48123452235,2025-12-17T16:59:49+00:00,1008,ANSWERED
6d77f4f6-950d-4237-9a13-b3c29fedffb1,+48123451006,+48123454906,2025-12-17T00:15:43+00:00,0,FAILED
f567bf43-4341-4fda-aac1-6e353e051207,+48123451019,+48123457744,2025-12-07T04:56:00+00:00,0,FAILED
f31db4e5-8077-4dff-b37a-c67120a8c112,+48123451016,+48123459766,2025-12-21T12:22:14+00:00,842,ANSWERED
f77d078a-686a-488a-8b95-8f7ccf554922,+48123451015,+48123456548,2025-12-10T19:58:19+00:00,0,FAILED
e01a1d1f-be95-4aa9-928f-722c46a5ecd1,+48123451022,+48123456020,2025-12-31T17:09:55+00:00,612,ANSWERED
0605b1e6-6208-4b52-8b85-50a8b3ebc951,+48123451007,+48123455312,2025-12-18T13:32:18+00:00,1201,ANSWERED
1cc2e42a-ace4-499d-8a97-a533cd82bdf9,+48123451011,+48123455876,2025-12-16T20:31:33+00:00,1537,ANSWERED
e9bcd994-de6c-4f94-a966-9ca6278aff48,+48123451017,+48123454709,2025-12-11T20:23:43+00:00,637,ANSWERED
88bf9133-7449-48d1-8609-3b78471ccda2,+48123451008,+48123453888,2025-12-23T17:38:40+00:00,254,ANSWERED
374ecc81-6b93-4a81-87ff-23159ea699a4,+48123451023,+48123456389,2025-12-24T01:46:48+00:00,0,BUSY
fe1c60ff-5fff-479a-8817-9a5e0606547c,+48123451006,+48123458050,2025-12-05T16:00:12+00:00,1084,ANSWERED
e7bc2ac1-14da-4e34-9c47-e0494b7729a7,+48123451019,+48123454318,2025-12-23T15:58:42+00:00,0,BUSY
0e92408c-bc5f-4e75-8bb4-ed01aa787d30,+48123451007,+48123454956,2025-12-31T20:32:15+00:00,1103,ANSWERED
cc5e6b0f-d8bf-4cad-b5bc-dea1d46088e5,+48123451004,+48123454247,2025-12-30T00:26:25+00:00,608,ANSWERED
e34504e7-c207-4b8b-ab16-56160c1b7587,+48123451022,+48123459733,2025-12-10T03:49:54+00:00,1797,ANSWERED
2b7ec561-2e36-407a-97bf-cc3a5c8a7d04,+48123451000,+48123456702,2025-12-10T17:06:32+00:00,707,ANSWERED
427acab1-5767-4465-ab70-cae3ebd0e97f,+48123451005,+48123459909,2025-12-10T18:11:53+00:00,1693,ANSWERED
221839dd-0d5e-42b1-9cc7-dc416aac80e2,+48123451002,+48123455282,2025-12-06T05:44:20+00:00,1415,ANSWERED
6f7f7134-c4f9-4b5d-a5ee-ce4ff5aff513,+48123451001,+48123453242,2025-12-06T21:13:41+00:00,184,ANSWERED
a29592d4-d4c5-4bf1-a38f-e56ed5750b99,+48123451007,+48123452970,2025-12-13T13:25:22+00:00,1230,ANSWERED
e6dc163c-b4d0-48bf-a57f-af98697baddb,+48123451019,+48123453848,2025-12-15T04:31:32+00:00,0,FAILED
006dd889-83c4-44c7-b7e3-140a8e89e346,+48123451014,+48123454435,2025-12-12T23:36:41+00:00,0,FAILED
74065342-a3a2-479f-a7d2-47e6fb9edccf,+48123451018,+48123457087,2025-12-27T23:36:12+00:00,435,ANSWERED
b578149d-5b5e-4a33-8efd-eb8cfca176b2,+48123451020,+48123453728,2025-12-28T19:19:50+00:00,501,ANSWERED
c9c1bc0e-b229-41b7-b01e-d1834f805fc6,+48123451005,+48123456521,2026-01-01T09:04:34+00:00,932,ANSWERED
9711132e-00e6-4e65-9c2f-d1d7c292c60e,+48123451022,+48123456864,2025-12-31T00:20:46+00:00,600,ANSWERED
c56155bd-7c6d-4bcf-a4ee-8ede97cdcbda,+48123451022,+48123454316,2025-12-11T20:04:56+00:00,1417,ANSWERED
7d14f47e-4d02-4a35-82c6-bf6c804e98f7,+48123451007,+48123459568,2025-12-04T01:16:23+00:00,1364,ANSWERED
0155a838-7f29-4c0b-ac54-ae9fb61fc52d,+48123451006,+48123455482,2025-12-22T06:26:19+00:00,315,ANSWERED
f7eeea2c-25bf-47b6-bfc3-27d3662899ac,+48123451008,+48123458771,2025-12-29T18:51:50+00:00,1633,ANSWERED
17c52163-fa9b-4ad0-b3f5-d448d6a6b0b6,+48123451009,+48123456874,2025-12-06T14:16:02+00:00,601,ANSWERED
a1ddbdc2-aefe-414a-8f9e-61b2ed7020bf,+48123451014,+48123453018,2025-12-18T15:51:16+00:00,834,ANSWERED
857d9c7c-0516-4ae4-a580-b108c5cf4e82,+48123451008,+48123456099,2025-12-12T13:51:55+00:00,1234,ANSWERED
cf83c21c-1e32-4ebd-9f55-5d30fc95f286,+48123451001,+48123459286,2025-12-17T19:56:22+00:00,522,ANSWERED
d254c372-d7df-4414-9b8c-267cb6587002,+48123451000,+48123452748,2025-12-06T07:43:23+00:00,52,ANSWERED
4d05bee1-0964-4536-bbe8-03259689271d,+48123451024,+48123457507,2025-12-06T06:35:58+00:00,0,FAILED
e0e6c4f6-83fe-400f-9d69-c2b97ed679aa,+48123451024,+48123458195,2025-12-08T21:09:19+00:00,915,ANSWERED
0afe9d95-c5d5-472c-a9f2-2c90072afc02,+48123451008,+48123453486,2025-12-12T15:53:20+00:00,0,BUSY
53152c13-c1d7-4eba-8627-a14fc92507d8,+48123451015,+48123459938,2025-12-16T15:56:34+00:00,692,ANSWERED
9d9af0d8-b8e9-455c-83ad-98e5b4bd2f42,+48123451010,+48123457489,2025-12-25T04:20:39+00:00,853,ANSWERED
b93eec0c-c1a9-430e-b872-aa2988659bb8,+48123451022,+48123456058,2025-12-14T06:35:08+00:00,1567,ANSWERED
38fa4212-94c1-4bee-9bf3-ad619735436a,+48123451017,+48123452300,2025-12-18T04:27:44+00:00,672,ANSWERED
9524ac48-438b-4b55-81f8-f7ef0d58d0d2,+48123451003,+48123459947,2025-12-09T01:55:08+00:00,0,FAILED
2ae849bb-5a82-45e4-b6cd-24223e9ad71f,+48123451000,+48123457387,2025-12-11T11:23:34+00:00,0,FAILED
feabb69a-72c2-4f3e-bac9-83cd43e62f6d,+48123451001,+48123453536,2025-12-04T03:55:12+00:00,1030,ANSWERED
18f90152-104a-402e-a41b-4eb1d0505633,+48123451020,+48123455621,2025-12-23T05:39:43+00:00,0,FAILED
3d406fa9-dc7f-4f0a-a6f7-ffc9c1dd6640,+48123451017,+48123453073,2025-12-12T13:27:04+00:00,0,BUSY
48c33b8d-c561-49cd-8c9e-837e8d348154,+48123451022,+48123455970,2025-12-03T19:50:22+00:00,1646,ANSWERED
836372b5-9cb8-4e0b-8585-f6fe423caa7d,+48123451007,+48123457814,2025-12-07T10:21:00+00:00,1141,ANSWERED
a2b96fb7-0008-4a76-86bf-f0e97958e777,+48123451013,+48123452763,2025-12-27T08:04:31+00:00,250,ANSWERED
f289292b-7b49-4a16-9250-fa0617a098b4,+48123451020,+48123458816,2025-12-19T05:12:28+00:00,1454,ANSWERED
3217b8bc-bf85-4651-a390-d062cbf6f432,+48123451008,+48123455403,2025-12-11T00:12:45+00:00,0,FAILED
41bfc5e3-ef50-47bc-8f49-e51ef976ad52,+48123451014,+48123456515,2025-12-23T19:48:02+00:00,1237,ANSWERED
3d837181-1ee6-4368-a0f5-e6376fa889d4,+48123451016,+48123458113,2025-12-29T07:44:43+00:00,0,FAILED
96951269-101e-4028-8118-496d60e02753,+48123451024,+48123458471,2025-12-17T00:45:01+00:00,0,FAILED
a3078d8f-168f-45f6-87eb-4499a84d3a3c,+48123451016,+48123454188,2025-12-19T15:03:14+00:00,0,FAILED
0ee4d03c-0f90-4bd1-8314-c6a3fe6922e4,+48123451009,+48123458860,2025-12-10T05:10:05+00:00,314,ANSWERED
63d1eaad-3a52-4802-8d4b-191b33946b74,+48123451014,+48123456412,2025-12-17T08:53:25+00:00,1572,ANSWERED
5180ded3-dbb3-40ae-a91d-149ff52683d8,+48123451017,+48123455090,2025-12-17T20:31:05+00:00,396,ANSWERED
ba3e4a37-2e4b-444d-878e-37dcb627719d,+48123451022,+48123453956,2025-12-21T20:53:06+00:00,1598,ANSWERED
4c36264a-3620-411e-bcce-d430ca2a6733,+48123451013,+48123452357,2025-12-10T23:23:15+00:00,1671,ANSWERED
58bb1737-4998-4202-b46d-fbafcc3a059a,+48123451012,+48123455162,2025-12-02T19:49:51+00:00,0,BUSY
726e2886-5373-4dac-bd84-a704d170704c,+48123451015,+48123459903,2025-12-09T15:21:23+00:00,689,ANSWERED
5f99e91b-be16-490b-b813-61d32c843140,+48123451003,+48123459161,2025-12-27T23:05:27+00:00,0,FAILED
3929f19d-c3d7-4192-9546-3e7ae2c1ebda,+48123451014,+48123452125,2025-12-13T20:11:05+00:00,1350,ANSWERED
2da9cddf-b56c-4ebe-b708-6bf8766c4f00,+48123451004,+48123452612,2025-12-20T10:31:39+00:00,1286,ANSWERED
a3db1aa3-c5a3-41c4-ad4b-1805e57f7a07,+48123451022,+48123455256,2025-12-17T13:07:06+00:00,1391,ANSWERED
dcd5ace6-fc61-4894-bd64-e7338f7123e4,+48123451017,+48123455113,2025-12-03T23:22:15+00:00,0,BUSY
95701193-88e6-4b6d-b56b-c796aba6739c,+48123451024,+48123455997,2025-12-30T20:47:21+00:00,0,FAILED
d5be63f9-bfd4-4d39-a0f5-13a05fdee42c,+48123451002,+48123453923,2025-12-19T10:06:46+00:00,1539,ANSWERED
75fb6b27-1202-4095-b162-b4713a51d258,+48123451002,+48123455555,2025-12-03T15:46:15+00:00,0,BUSY
a563b01a-0dfd-4b57-8225-6aead9460799,+48123451003,+48123455634,2025-12-18T20:54:03+00:00,69,ANSWERED
2290c229-78fd-4f45-8a60-c05535ebe900,+48123451001,+48123454657,2025-12-19T03:33:38+00:00,0,FAILED
a9df9253-35ca-4555-bcd4-f7a11fefaa5b,+48123451011,+48123455528,2025-12-08T07:49:34+00:00,1169,ANSWERED
5a65948d-d8b2-4025-a064-fca1be733e59,+48123451021,+48123458492,2025-12-24T12:46:55+00:00,1258,ANSWERED
72c86bb7-e6a3-42ac-a610-20960c20317d,+48123451012,+48123457076,2025-12-09T20:24:02+00:00,1204,ANSWERED
7bc8b0c0-a65f-4c5a-9539-5084082a02ea,+48123451004,+48123453902,2025-12-20T22:35:31+00:00,532,ANSWERED
38a26605-e26e-4a5b-b1a1-1517b1ac8ded,+48123451021,+48123452076,2025-12-11T07:49:03+00:00,0,FAILED
86d049b5-744c-4012-9e99-884da65f5082,+48123451009,+48123457550,2025-12-29T03:19:32+00:00,717,ANSWERED
3cef02ce-4a3e-44f5-b179-8768961080c0,+48123451018,+48123454450,2025-12-13T04:32:16+00:00,522,ANSWERED
269ff22f-7acd-4437-b40b-3f490140d598,+48123451014,+48123458924,2025-12-14T23:48:06+00:00,999,ANSWERED
63746644-a2bc-4ed7-a11b-57178e170415,+48123451003,+48123453943,2025-12-16T03:55:24+00:00,615,ANSWERED
0e54d0c0-d631-48b6-9a98-d8a01c15a60b,+48123451022,+48123454418,2025-12-02T13:02:35+00:00,572,ANSWERED
be2129d8-cdee-45a8-9a88-f24db166ff65,+48123451000,+48123456636,2025-12-30T06:25:02+00:00,0,FAILED
7df773f3-142b-4556-a056-860b63ed81a3,+48123451019,+48123458104,2025-12-19T11:23:11+00:00,1646,ANSWERED
e9bde1cd-f040-45cf-ad0f-cbe8ef75f569,+48123451007,+48123456973,2025-12-22T12:47:20+00:00,0,FAILED
edc1c5e4-40a1-439c-9e50-2ccc1374e972,+48123451006,+48123457086,2025-12-02T11:59:17+00:00,1726,ANSWERED
21597a9e-0d9b-4da9-bd06-68dd36c9cc45,+48123451004,+48123457146,2025-12-03T22:38:19+00:00,90,ANSWERED
72f9154f-3c01-4781-a31c-6dee9b10fced,+48123451009,+48123458460,2025-12-06T02:57:37+00:00,1509,ANSWERED
6f8d188f-9879-4c72-9967-f95e2c202703,+48123451004,+48123452738,2025-12-17T15:08:13+00:00,0,BUSY
f644720c-d337-4c44-ac2e-1cdc6e2f8e44,+48123451013,+48123453438,2025-12-07T22:49:04+00:00,759,ANSWERED
041a7e11-30e3-48ea-ae01-f2bf81b73d82,+48123451016,+48123456110,2025-12-25T00:16:44+00:00,0,BUSY
f446e183-45db-453b-ac50-7d2faf014e77,+48123451015,+48123459924,2025-12-17T02:01:09+00:00,0,FAILED
eed53af7-98f2-42a1-9404-bf613049f4f6,+48123451003,+48123455836,2025-12-26T02:15:12+00:00,0,BUSY
f18a2151-ce3c-4b10-a4ab-0166f934fcc7,+48123451007,+48123459046,2025-12-14T09:55:06+00:00,1657,ANSWERED
d9b65298-4d95-4593-9fde-7d48d30efb70,+48123451017,+48123454996,2025-12-14T13:02:00+00:00,551,ANSWERED
3de7f03f-2500-45d1-bc16-565a4684e953,+48123451017,+48123453012,2025-12-20T13:38:23+00:00,790,ANSWERED
b29b4899-57c4-4b17-b845-40d1537894f7,+48123451020,+48123459702,2025-12-21T20:36:30+00:00,61,ANSWERED
7d3c67d9-c316-4043-8f7d-3dfebfe14da8,+48123451019,+48123459243,2025-12-17T13:43:02+00:00,0,BUSY
2d24ff7a-e7d6-4b75-b024-8617d61af6ce,+48123451019,+48123453813,2025-12-03T13:58:08+00:00,960,ANSWERED
1f22fd9e-d466-451e-bbdf-127f754ec1fd,+48123451022,+48123454475,2025-12-27T04:33:52+00:00,102,ANSWERED
52eedc5b-442a-4451-8f8e-ccc77705dd15,+48123451001,+48123454493,2025-12-27T05:09:54+00:00,0,BUSY
6a4820cc-630d-42d2-ab6d-fd8345b159e4,+48123451007,+48123459268,2025-12-14T19:29:31+00:00,769,ANSWERED
60edccd4-b806-41f8-8c1a-23aaf8792c37,+48123451021,+48123459777,2025-12-07T21:57:34+00:00,1212,ANSWERED
a9b625d2-60db-4a87-a9aa-44d15262918c,+48123451023,+48123457952,2025-12-13T14:50:19+00:00,212,ANSWERED
1fa076ee-401c-4d9c-9b16-065df4d53a5c,+48123451015,+48123457043,2025-12-19T18:26:58+00:00,1423,ANSWERED
52b12ce1-21bb-4d6b-a29c-c362f3e27320,+48123451011,+48123453779,2025-12-21T18:06:06+00:00,752,ANSWERED
c640dee8-978e-4aca-a3d2-6e2221cf502b,+48123451003,+48123457617,2025-12-03T03:40:38+00:00,134,ANSWERED
824737fb-5613-4bc4-a063-a826db72aed5,+48123451012,+48123454260,2025-12-26T22:34:06+00:00,1697,ANSWERED
6012ddbd-dfd4-40e5-ae9e-b97dfc7a494d,+48123451014,+48123452750,2025-12-03T07:05:20+00:00,1232,ANSWERED
47073aed-69b1-4b45-ba0d-e9da860f75c3,+48123451000,+48123452414,2025-12-21T09:57:52+00:00,0,FAILED
b637b382-16af-4fb1-9788-7b32d7339e92,+48123451018,+48123453681,2025-12-07T06:39:47+00:00,1210,ANSWERED
e413d36c-6b86-43a3-8db5-5a34468998e5,+48123451006,+48123458660,2025-12-17T13:07:11+00:00,0,FAILED
e16e08f8-6435-4363-9941-2180decee52c,+48123451004,+48123458460,2026-01-01T08:54:43+00:00,0,BUSY
21ddd93f-bb56-4104-9ca1-aaafa34bcc0f,+48123451004,+48123453064,2025-12-24T13:24:53+00:00,1363,ANSWERED
ad546b1d-f270-4152-bbe4-a08b8fffa924,+48123451000,+48123453079,2025-12-21T16:06:23+00:00,673,ANSWERED
e1a4a460-9058-4008-80d1-f90f2cf4424e,+48123451000,+48123453427,2025-12-26T17:32:13+00:00,872,ANSWERED
8bceab7c-ed49-4a50-be0a-5c31d98ce3c6,+48123451016,+48123452931,2025-12-10T19:48:32+00:00,1603,ANSWERED
daf079df-c3a3-432c-9d16-0e9f7adea64a,+48123451011,+48123456204,2025-12-11T22:17:28+00:00,463,ANSWERED
029da8f2-1814-431e-8b73-73e63ba21c0e,+48123451019,+48123452355,2025-12-02T12:18:27+00:00,627,ANSWERED
e15cb0c6-82c1-4d17-9aba-c2f5774fc7bd,+48123451014,+48123457270,2025-12-29T17:33:30+00:00,0,BUSY
6b8e8765-d8a1-41b4-838e-a8e1b78cc661,+48123451012,+48123455492,2025-12-10T04:29:15+00:00,918,ANSWERED
e812df5b-6f71-497a-b279-e0ccb8b47929,+48123451002,+48123459366,2025-12-04T19:34:51+00:00,144,ANSWERED
181e2a60-bc4e-45c3-a7b3-8855a3a5ef51,+48123451004,+48123454252,2025-12-05T20:37:25+00:00,1468,ANSWERED
3802e7de-30a5-4326-95da-db08a59a8655,+48123451010,+48123455120,2025-12-08T08:29:42+00:00,0,BUSY
d0c6bae6-edb1-4a50-9796-159439bfdc71,+48123451014,+48123456141,2025-12-27T23:40:10+00:00,1447,ANSWERED
c3544919-ff1d-413b-9c74-f3a0f37bf28e,+48123451003,+48123458986,2025-12-07T09:47:14+00:00,1782,ANSWERED
935a49e7-9cd7-4bb6-a0c2-de6bd57cdd5c,+48123451006,+48123455523,2025-12-22T02:25:34+00:00,704,ANSWERED
50739a02-4ef2-4729-86b6-ced38a8d0ff6,+48123451014,+48123455266,2025-12-28T04:08:40+00:00,884,ANSWERED
d4ffabb4-5b86-4948-afc1-9c1672360562,+48123451010,+48123457448,2025-12-25T13:16:17+00:00,981,ANSWERED
5d450f27-7900-4bd2-9674-9341486d7964,+48123451002,+48123452747,2025-12-28T06:10:33+00:00,0,FAILED
e7d45347-8490-4efa-aa57-f959bdbdb28b,+48123451003,+48123458099,2025-12-26T13:52:25+00:00,132,ANSWERED
38056200-ec6e-4462-bbb5-f2691627c506,+48123451018,+48123459836,2025-12-17T11:56:18+00:00,260,ANSWERED
97569cc6-209e-42c6-8770-9b9069f6425a,+48123451013,+48123454896,2025-12-13T06:02:05+00:00,0,FAILED
2f17093f-0efe-485b-aa7c-d8869de9a272,+48123451023,+48123452421,2025-12-05T04:11:41+00:00,0,BUSY
72e04463-fccb-4d55-a0b0-32a15f6516ad,+48123451011,+48123452848,2025-12-22T19:37:51+00:00,1354,ANSWERED
2bdef327-901b-440b-9727-8732da11fa1f,+48123451015,+48123453837,2025-12-16T13:34:06+00:00,0,FAILED
b68e3869-101c-447d-86d9-0cf97e565895,+48123451017,+48123455011,2025-12-19T19:43:24+00:00,473,ANSWERED
aabee488-6a8d-4dee-b0c6-5b1135cc8d77,+48123451013,+48123458923,2025-12-04T04:54:21+00:00,1392,ANSWERED
1aa0849b-7780-41b8-8eb9-3bbbb2aae324,+48123451020,+48123456560,2025-12-02T13:28:07+00:00,1430,ANSWERED
0e09e765-a917-475d-8708-f26e01617907,+48123451008,+48123452237,2025-12-18T10:30:02+00:00,705,ANSWERED
632d1099-d92f-4fa4-b948-bf66e50bec44,+48123451011,+48123452050,2025-12-25T23:31:24+00:00,1356,ANSWERED
24c691ed-19ad-4946-bff0-d2ae9643aa4f,+48123451012,+48123452570,2025-12-03T16:24:59+00:00,197,ANSWERED
3e55949b-9fb9-4c39-8ea6-c775b3ff11f8,+48123451023,+48123456345,2025-12-13T09:25:31+00:00,708,ANSWERED
cd9abacd-5d67-4b70-ab5c-22ef98971aff,+48123451005,+48123455031,2025-12-17T17:41:11+00:00,1172,ANSWERED
49076799-51cf-4a9b-8869-c1b52830a027,+48123451019,+48123452695,2025-12-25T10:03:50+00:00,0,FAILED
1ea5a724-0cf9-446f-93ea-6136e143e8d4,+48123451024,+48123457061,2025-12-28T18:53:43+00:00,917,ANSWERED
1225a8c9-e7d0-4203-84e9-5c76ee2d5c87,+48123451021,+48123455473,2025-12-12T09:10:34+00:00,569,ANSWERED
1acdb319-5713-43e6-bd69-22687765aec2,+48123451006,+48123458184,2025-12-16T18:58:33+00:00,237,ANSWERED
ac391d54-5e3a-4834-a5d2-9b09133223f6,+48123451009,+48123457555,2025-12-10T08:28:27+00:00,1376,ANSWERED
f7a07370-c4ac-4163-a8e3-217adf71c4e6,+48123451009,+48123452372,2025-12-05T05:22:57+00:00,25,ANSWERED
76af83e7-8e2e-4f54-8b5a-885a1d0cbe1a,+48123451006,+48123454469,2025-12-26T06:06:12+00:00,0,BUSY
9c74221d-3ff7-4e03-9f9b-4470b0e1000e,+48123451008,+48123454371,2026-01-01T03:33:29+00:00,1539,ANSWERED
23049459-8d3c-4981-8fc5-5431d101750d,+48123451013,+48123453439,2025-12-08T06:16:15+00:00,481,ANSWERED
5293072a-e9f8-41c8-9cc4-14073af6603e,+48123451016,+48123456577,2025-12-16T09:09:56+00:00,0,FAILED
996dc0d1-996c-4237-840c-d616d5f32a05,+48123451012,+48123459059,2025-12-12T15:31:59+00:00,951,ANSWERED
d41bd9cd-1445-47eb-90a8-7a356d9b3b4a,+48123451002,+48123459062,2025-12-12T23:06:24+00:00,838,ANSWERED
07e37920-e140-44ab-8bce-a63cf3938504,+48123451022,+48123457244,2025-12-27T06:11:35+00:00,52,ANSWERED
a69e4fe8-5aae-485c-a9ba-0e2d19b2f486,+48123451010,+48123453407,2025-12-04T08:50:31+00:00,0,FAILED
7a6f02b4-c844-4c93-bee2-68139444de84,+48123451022,+48123459534,2025-12-12T14:59:06+00:00,226,ANSWERED
69f6a6a7-438d-44c6-b40c-d175aa882d0c,+48123451007,+48123455569,2025-12-08T15:41:55+00:00,820,ANSWERED
2f445edc-2e8d-4f90-8273-1fceeb3ec08b,+48123451009,+48123458109,2025-12-17T08:12:11+00:00,354,ANSWERED
c0c85c85-4f6d-44db-9e2c-aa8dae16454f,+48123451002,+48123456181,2025-12-08T08:26:28+00:00,407,ANSWERED
2a48aa9a-aeaf-43fc-9020-4dff9de4de17,+48123451024,+48123454862,2025-12-03T03:00:08+00:00,312,ANSWERED
c2ee3715-fd96-447e-ab41-aee3f788ff1b,+48123451007,+48123452842,2025-12-23T12:31:49+00:00,1243,ANSWERED
a93a168c-6ad4-41cf-af4c-8e07d448eb9c,+48123451004,+48123458227,2025-12-29T01:41:49+00:00,0,FAILED
3d728b11-2197-491f-b54c-2616ab5c791e,+48123451024,+48123457144,2025-12-06T20:15:12+00:00,1196,ANSWERED
f08d70ca-4784-44d5-b6da-5debf04de830,+48123451014,+48123457579,2025-12-06T19:25:19+00:00,0,BUSY
e7c02c4f-98be-4b9b-a2da-d5f231ed4594,+48123451020,+48123457116,2025-12-03T22:54:40+00:00,319,ANSWERED
e08f33cf-f04d-4b89-bd81-27a6ece36668,+48123451014,+48123452559,2025-12-03T18:21:41+00:00,1640,ANSWERED
8ce0effb-b303-44da-a06f-e99292fcd2c3,+48123451008,+48123456844,2025-12-09T09:51:56+00:00,645,ANSWERED
68931f3b-68b1-4b6f-9f27-a37e81758bcc,+48123451014,+48123455702,2025-12-15T17:14:07+00:00,597,ANSWERED
4afb52b7-f4d2-45a0-94f9-8b7048bbbfc5,+48123451002,+48123457281,2025-12-28T09:22:21+00:00,0,FAILED
b75e4fce-baf4-4997-b198-937400e50f8d,+48123451019,+48123456153,2025-12-06T02:07:25+00:00,1631,ANSWERED
096f7973-5d21-435c-abbc-2e8e4a812d3f,+48123451023,+48123459339,2025-12-06T11:35:19+00:00,395,ANSWERED
2eaed277-a864-4f7b-83c9-ca920c030dce,+48123451010,+48123456956,2025-12-25T15:13:57+00:00,932,ANSWERED
ff2d46f2-a151-48e4-875c-8c3ab19ad270,+48123451003,+48123458643,2025-12-16T20:52:15+00:00,0,FAILED
a7b128f9-6670-40c2-8e13-bae2caec48c8,+48123451002,+48123456133,2025-12-30T17:14:45+00:00,1459,ANSWERED
de2f468d-4d9b-474e-88f1-5c99b0754872,+48123451014,+48123455599,2025-12-04T17:55:50+00:00,755,ANSWERED
bbee0669-2710-43cc-bcb9-dd21b0daba47,+48123451011,+48123459519,2025-12-13T21:30:11+00:00,702,ANSWERED
35fded7d-6d16-442b-beb1-cffed7fc79ec,+48123451021,+48123456897,2025-12-03T18:54:19+00:00,695,ANSWERED
4f347080-faa7-4703-9a61-ddb221d8a294,+48123451002,+48123454700,2025-12-14T21:46:42+00:00,526,ANSWERED
50c421ad-4136-43d4-ad90-7019b5252998,+48123451023,+48123458976,2025-12-05T01:41:05+00:00,317,ANSWERED
d6114401-a815-43fa-ad38-df2759d5532e,+48123451010,+48123452667,2025-12-26T01:31:02+00:00,726,ANSWERED
7174167b-5126-4942-b0cc-8c9ff1127d4c,+48123451009,+48123459927,2025-12-14T15:52:52+00:00,1228,ANSWERED
6f18791a-4fbc-48ce-8940-5a3214e46070,+48123451022,+48123459684,2025-12-07T01:30:36+00:00,1327,ANSWERED
4504b493-cca7-4282-9a8c-1452cf31652e,+48123451010,+48123458661,2025-12-08T13:02:55+00:00,1333,ANSWERED
f1dcad45-7ebf-46b8-a60f-5e39bf15a2dc,+48123451021,+48123455468,2025-12-31T16:05:37+00:00,642,ANSWERED
e8fee2d9-138d-42c0-a1de-6ed55f580630,+48123451005,+48123459791,2025-12-10T08:51:48+00:00,473,ANSWERED
2329a5fc-df35-4062-8bb2-02b8826c7f58,+48123451004,+48123453269,2025-12-27T21:31:28+00:00,1588,ANSWERED
31260b5f-bb17-431d-a99e-74d4e02c8f2f,+48123451017,+48123458841,2025-12-08T12:53:58+00:00,1365,ANSWERED
d131be9b-4866-46c6-8250-ff934385dbb1,+48123451010,+48123459179,2025-12-26T12:51:22+00:00,0,FAILED
93cf6449-ce0e-413a-b15f-9d68a7fa3826,+48123451012,+48123453263,2025-12-04T01:37:09+00:00,349,ANSWERED
3060fb3f-4137-4189-a686-8133be851cbb,+48123451023,+48123455585,2025-12-15T22:05:17+00:00,1483,ANSWERED
03eded26-f71a-4c6f-9e21-67feabb3aa7d,+48123451007,+48123459942,2025-12-19T12:46:12+00:00,1543,ANSWERED
e2b60045-9fa4-4501-9ca3-30b4f942298e,+48123451014,+48123453916,2025-12-18T09:58:09+00:00,1616,ANSWERED
779813b7-b108-499b-bc9e-9e00a7753639,+48123451015,+48123459405,2025-12-15T18:13:17+00:00,0,FAILED
405b5070-460e-486b-af07-14f37d93a28b,+48123451018,+48123455609,2025-12-19T16:13:11+00:00,792,ANSWERED
ae59cc72-1761-4909-8d70-f47b39e185e7,+48123451016,+48123456320,2025-12-25T02:59:08+00:00,418,ANSWERED
4303ce95-c1bf-47e7-9788-c9dd7b6ff18f,+48123451019,+48123453133,2025-12-30T03:00:19+00:00,0,FAILED
8a0f0e60-7af3-403b-85a6-b0cf411bcf1e,+48123451015,+48123459160,2025-12-27T19:56:15+00:00,1742,ANSWERED
2a7d9dbf-0dbd-48ca-b2ae-41072abe3c28,+48123451016,+48123458972,2025-12-28T16:23:12+00:00,338,ANSWERED
ce7f7e6a-42c9-4794-b3ea-4adf2682d45d,+48123451008,+48123455680,2025-12-25T19:03:07+00:00,0,BUSY
2525dd2a-36f0-4915-9c55-d62715836a07,+48123451013,+48123452751,2025-12-22T09:28:08+00:00,0,BUSY
d4ea4372-a7ab-47e4-a708-82328e6bee53,+48123451014,+48123459246,2025-12-31T06:52:34+00:00,119,ANSWERED
7e751378-ec8a-4568-bb2d-108e27d1fb53,+48123451012,+48123456112,2025-12-14T22:12:55+00:00,777,ANSWERED
61d64726-f23e-4bc1-9cd0-992a7fa0b8ca,+48123451007,+48123452230,2025-12-27T23:46:07+00:00,1473,ANSWERED
9d12fa72-ba2b-4fbf-9635-e3f4cb985b76,+48123451020,+48123454746,2025-12-26T05:42:58+00:00,0,FAILED
16317a4c-8636-440e-ad9f-4bc647af612b,+48123451009,+48123459515,2025-12-26T04:24:12+00:00,0,FAILED
685f84f0-a90c-4c1b-9c8d-cffa4426698a,+48123451022,+48123455842,2026-01-01T06:15:03+00:00,172,ANSWERED
0fd09997-057c-4a9e-b156-f3065310b37d,+48123451000,+48123454096,2025-12-25T16:41:25+00:00,1499,ANSWERED
469d8651-2082-4233-b566-c744eac9c8b8,+48123451019,+48123456323,2025-12-19T09:18:45+00:00,626,ANSWERED
ec7b1472-c060-47cc-a0ab-5ecf625c623f,+48123451003,+48123452391,2025-12-03T10:05:10+00:00,1285,ANSWERED
60b31df3-fd06-4409-9d1a-8390d65a5e98,+48123451014,+48123452514,2025-12-09T18:03:22+00:00,1107,ANSWERED
1827913f-d9d6-41f2-9d14-3038fe882eaa,+48123451000,+48123457176,2025-12-21T11:44:15+00:00,304,ANSWERED
18410905-9db7-4a38-b0f0-7af99456cce2,+48123451009,+48123455516,2025-12-16T10:37:45+00:00,1178,ANSWERED
3867cbdf-f21e-4661-aeb0-546c6a261f36,+48123451013,+48123453534,2025-12-28T14:29:27+00:00,748,ANSWERED
23d04708-2608-4f98-b90f-1847d3df7156,+48123451002,+48123459810,2025-12-09T09:51:10+00:00,1049,ANSWERED
08bf0764-94ba-4160-8bc0-f48f0d3b83c6,+48123451017,+48123452166,2025-12-11T02:29:58+00:00,1311,ANSWERED
ca0852a0-cee8-4b0a-be4a-fd750007d933,+48123451012,+48123455058,2025-12-31T18:15:38+00:00,1624,ANSWERED
80938785-89b2-4c90-9ab3-c64efeea664d,+48123451002,+48123454824,2025-12-02T14:16:20+00:00,222,ANSWERED
39e99247-9253-40e3-87a4-4ec544840dcb,+48123451024,+48123456766,2025-12-17T08:48:52+00:00,100,ANSWERED
71b6af1d-139d-401d-99a4-f4839e14880c,+48123451011,+48123456472,2025-12-03T05:53:49+00:00,1710,ANSWERED
d6c906f5-b231-4724-aec3-0dea011a6d17,+48123451024,+48123457608,2025-12-10T17:18:20+00:00,383,ANSWERED
a9830a8f-010d-4b9d-9871-1c1eef56a8ba,+48123451004,+48123452516,2025-12-11T16:05:58+00:00,610,ANSWERED
126383e6-3022-4ebf-ae2e-66d6ada77ddf,+48123451006,+48123452358,2025-12-30T14:13:40+00:00,0,FAILED
823f39bd-7231-466d-8177-c23542165693,+48123451009,+48123456222,2025-12-07T18:51:30+00:00,528,ANSWERED
70a4947f-115d-47d6-87fe-6a764ee26338,+48123451001,+48123458170,2025-12-19T11:29:38+00:00,1775,ANSWERED
f76faf4e-55fe-4ec5-a965-2e6a88eed783,+48123451024,+48123452391,2025-12-17T09:26:43+00:00,0,FAILED
8723920d-92f0-42cd-8447-8b421e9c18cd,+48123451003,+48123458548,2025-12-14T07:04:13+00:00,910,ANSWERED
47fe822a-97f3-4835-b7d0-916f72721ccc,+48123451012,+48123454777,2025-12-09T22:00:16+00:00,0,BUSY
f22ae4fa-a369-4e8f-8d26-98ca47c8509b,+48123451015,+48123455009,2025-12-08T20:48:43+00:00,0,BUSY
160c0193-1d56-424a-8a2c-a442967903fe,+48123451002,+48123457956,2025-12-12T21:39:22+00:00,1694,ANSWERED
a9c0d24a-eb59-4f81-827d-7e84c2a525c0,+48123451005,+48123456468,2025-12-27T19:56:55+00:00,681,ANSWERED
cb62ad08-e6a2-4a59-8181-f65dbe41c9b4,+48123451021,+48123454421,2025-12-05T01:46:15+00:00,882,ANSWERED
1d3ece2a-ed77-4ef3-9bda-a2ddf26e7f70,+48123451005,+48123457650,2025-12-12T03:36:58+00:00,1498,ANSWERED
52659597-f472-4daf-b348-e15cdf771df6,+48123451011,+48123457036,2025-12-20T00:06:20+00:00,0,BUSY
407dacd5-32f8-44c4-8833-b43fe9b3a439,+48123451001,+48123452614,2025-12-14T00:18:37+00:00,1060,ANSWERED
c8042fb3-8f26-4f26-abbc-f370ed3b194b,+48123451023,+48123457565,2025-12-31T01:59:51+00:00,1748,ANSWERED
b9b4176b-791b-4ef0-923f-52782065cb47,+48123451019,+48123457554,2025-12-30T21:59:52+00:00,0,FAILED
062c18d3-54e2-4d44-94eb-8ff7125d14ed,+48123451002,+48123453933,2025-12-15T19:52:37+00:00,0,FAILED
3a28468a-4b1e-4c97-96fc-24e34b43d480,+48123451012,+48123459778,2025-12-04T23:04:51+00:00,1400,ANSWERED
e01ccf7b-ab57-4fc8-a590-22374fc5b484,+48123451014,+48123459772,2025-12-12T07:05:12+00:00,167,ANSWERED
8b72ef41-5060-4223-8564-3df539c480f0,+48123451018,+48123453127,2025-12-14T09:14:40+00:00,1340,ANSWERED
bfa10db4-d590-49a4-ac7b-b720944dc2b7,+48123451008,+48123454044,2025-12-31T07:41:13+00:00,0,BUSY
4746d64d-c67d-4501-8bfd-73563ffe6837,+48123451005,+48123456088,2025-12-06T22:30:53+00:00,546,ANSWERED
04aeaaaa-defe-4a34-abdb-5bc0139ea1e6,+48123451024,+48123454132,2025-12-22T17:37:21+00:00,594,ANSWERED
ea980f56-a057-4d27-ba6a-2184b9e6b60a,+48123451022,+48123459507,2025-12-23T09:21:53+00:00,0,BUSY
82cf016c-e5dd-4029-8c66-8be9c5910f41,+48123451004,+48123458986,2025-12-24T15:24:03+00:00,1470,ANSWERED
0ef26e7c-d38c-4784-9725-76d4e4300eb6,+48123451014,+48123452719,2025-12-17T22:55:18+00:00,0,FAILED
9cc54a8c-4d10-4e70-91eb-1b50b2ee9414,+48123451011,+48123457812,2025-12-07T19:48:42+00:00,624,ANSWERED
5788d322-0669-4228-a0e6-7621299aa1c3,+48123451005,+48123457831,2025-12-03T11:27:49+00:00,1635,ANSWERED
32899f62-b8e6-4fdf-affb-b94c150da9d0,+48123451011,+48123456167,2025-12-23T08:28:10+00:00,294,ANSWERED
f0b35087-fa54-4a07-9ded-b22e0e09c5a2,+48123451007,+48123458474,2025-12-16T01:48:25+00:00,1182,ANSWERED
ce617be8-9efe-4bfc-bcc5-78c54321bcd1,+48123451011,+48123455828,2025-12-07T09:27:52+00:00,0,FAILED
88a8ea7f-ea90-4af0-a42d-3af72f9d00d2,+48123451019,+48123459243,2025-12-18T10:10:35+00:00,1478,ANSWERED
aa85ac4a-440f-47e1-9732-0ae3034b2307,+48123451023,+48123455921,2025-12-13T20:47:08+00:00,1187,ANSWERED
2b77f3e4-b620-4656-8b43-55b73ead6467,+48123451002,+48123453026,2025-12-03T06:23:56+00:00,0,BUSY
25a1f11c-f8c5-4a25-8180-4d02777da242,+48123451014,+48123455816,2025-12-16T19:41:52+00:00,1707,ANSWERED
44ee44d0-8f6b-4844-98d2-5ef8bc9f4988,+48123451024,+48123456516,2025-12-24T05:14:11+00:00,274,ANSWERED
1a66aade-2a5b-4127-b393-27c8080637b1,+48123451013,+48123456119,2025-12-29T23:28:07+00:00,0,BUSY
ed6b4e39-b648-4711-beb8-b6d76f7c9575,+48123451003,+48123456244,2025-12-25T00:09:50+00:00,670,ANSWERED
32183080-5db5-4eaf-bcb5-f52142a5de28,+48123451022,+48123453847,2025-12-08T21:13:03+00:00,591,ANSWERED
ae3985b0-fd58-42ff-9d4e-f0200555b96f,+48123451002,+48123454052,2025-12-07T10:20:43+00:00,266,ANSWERED
db150c79-1000-4333-a96f-0ded0187cc01,+48123451020,+48123454480,2025-12-28T05:57:28+00:00,1322,ANSWERED
f9c2d10b-4ddd-4b2d-ac6a-5ed7e1ac1e65,+48123451005,+48123456848,2025-12-25T11:34:50+00:00,0,BUSY
c38115e9-f39a-4eb4-8165-ac2c5de64924,+48123451021,+48123457115,2025-12-04T23:01:39+00:00,1735,ANSWERED
c48bc7d2-2228-4507-a56e-d06207977a73,+48123451018,+48123452337,2025-12-31T05:00:55+00:00,0,FAILED
fc5b3968-ff8b-4fc9-9d2e-f310d0eeb8a9,+48123451001,+48123459770,2025-12-06T06:00:44+00:00,1343,ANSWERED
caf91a28-d566-48df-a894-14d75dafeeeb,+48123451006,+48123458282,2025-12-04T08:51:20+00:00,72,ANSWERED
d8206dd7-bb51-4542-948d-f3c5208f1144,+48123451015,+48123459282,2025-12-19T07:36:19+00:00,628,ANSWERED
15b01a2d-c1e3-4629-ad04-a97579f290e7,+48123451015,+48123454006,2025-12-14T00:26:41+00:00,0,FAILED
09cb9ef9-2f6f-4943-b5c5-b732f2962c5d,+48123451014,+48123452597,2025-12-25T07:20:32+00:00,861,ANSWERED
0d4950df-ae53-473c-b906-8b8c23cfac0b,+48123451015,+48123455804,2025-12-04T21:21:51+00:00,650,ANSWERED
ebc9baf2-5b41-4bb8-a921-827a913f8590,+48123451022,+48123454615,2025-12-16T18:45:35+00:00,277,ANSWERED
40987d78-16f6-4945-9336-f47c3297f448,+48123451024,+48123455035,2025-12-27T16:01:40+00:00,505,ANSWERED
f55a87b4-c13c-4f1c-91b1-60349e437dac,+48123451014,+48123453003,2025-12-21T05:12:51+00:00,208,ANSWERED
f7b6d133-933b-4dbf-afdb-6562a110ead2,+48123451001,+48123454377,2025-12-04T11:50:34+00:00,0,BUSY
d702cce6-a200-4bbd-960d-2fbe2de3614d,+48123451007,+48123459886,2025-12-25T05:33:08+00:00,0,FAILED
d83059da-1b46-47ac-8f2d-85291967d381,+48123451010,+48123459649,2025-12-18T06:25:48+00:00,1572,ANSWERED
62fee17a-64a1-4808-b262-7fce39afdb69,+48123451005,+48123456081,2025-12-11T06:06:29+00:00,0,BUSY
a537c9e3-ef41-4e00-95a1-0544fc1e050e,+48123451009,+48123456074,2025-12-14T14:28:28+00:00,946,ANSWERED
e580ced3-cb86-4014-b1c4-80a76d9eced7,+48123451007,+48123453762,2025-12-30T06:51:57+00:00,586,ANSWERED
c8430ded-e31c-4333-9801-e19ea3a871c3,+48123451015,+48123456894,2025-12-02T17:22:17+00:00,0,FAILED
ec09d3ff-96c0-488a-9c98-30a0ab2dd619,+48123451015,+48123454340,2025-12-27T14:35:33+00:00,284,ANSWERED
9a0478b6-5db6-4600-aa29-9b36524a46fe,+48123451008,+48123457959,2025-12-14T03:32:37+00:00,102,ANSWERED
fcf8738b-0b45-416d-b3c7-152a9d002ede,+48123451012,+48123452419,2025-12-23T15:23:37+00:00,1143,ANSWERED
049f1644-283a-4b7c-a46c-81064ebab693,+48123451009,+48123452602,2025-12-12T00:05:12+00:00,1136,ANSWERED
9bccd664-4f07-4269-acff-022c1450ec9b,+48123451008,+48123458760,2025-12-04T16:34:53+00:00,0,BUSY
72998fde-3699-4655-b923-94160e1d55a5,+48123451004,+48123459987,2025-12-15T12:22:10+00:00,704,ANSWERED
403e3da1-f988-414c-9341-d827a973cb19,+48123451017,+48123459691,2025-12-25T22:25:48+00:00,1243,ANSWERED
c9645ebd-37c2-46ae-9258-bf1a910b21c3,+48123451016,+48123455288,2025-12-30T10:30:58+00:00,290,ANSWERED
529e1f06-54ed-4e8f-a034-554aa6ee4d0b,+48123451022,+48123454728,2025-12-08T20:45:31+00:00,0,FAILED
7195cf8b-a51b-4763-ac00-34b3da44a69c,+48123451004,+48123456966,2025-12-26T03:19:40+00:00,0,FAILED
40637623-f5fb-41b0-a82d-a8450b899525,+48123451019,+48123454609,2025-12-04T10:37:13+00:00,1735,ANSWERED
121d7bd4-552a-47c6-9c4e-34c6c14c089c,+48123451009,+48123456863,2025-12-09T07:15:26+00:00,1013,ANSWERED
661ebea4-681e-4d48-af4c-ac7570a4b56b,+48123451022,+48123456611,2025-12-31T17:49:37+00:00,688,ANSWERED
a35fd4bf-55e1-4368-81dd-875315b92f90,+48123451021,+48123452897,2025-12-05T22:26:41+00:00,0,BUSY
bdf2353a-9977-4195-9eb9-7336009ab58d,+48123451023,+48123459144,2025-12-31T06:53:22+00:00,981,ANSWERED
f06b5158-4682-4017-8b08-4d46fcd84538,+48123451008,+48123459922,2025-12-06T04:09:24+00:00,476,ANSWERED
f42d4548-c7d2-45c6-bb5e-0dcb8563aa53,+48123451023,+48123452420,2025-12-24T17:45:27+00:00,1298,ANSWERED
8ad5390c-dfd9-4def-9a4e-1b72d8d9ee66,+48123451023,+48123457076,2025-12-15T04:43:51+00:00,0,FAILED
f09cbd24-16b4-4fb0-bf28-e028d22e4a46,+48123451021,+48123453984,2025-12-27T11:57:48+00:00,48,ANSWERED
477ac24d-8237-4448-be95-dc111df89e02,+48123451014,+48123454569,2025-12-13T16:56:16+00:00,427,ANSWERED
8fe04d1c-902b-4c91-aff1-a0e4d975fd53,+48123451013,+48123456110,2025-12-11T00:52:05+00:00,0,FAILED
e632949a-a22a-4479-864d-d008344f566d,+48123451023,+48123457958,2025-12-26T05:10:27+00:00,434,ANSWERED
f56fca91-8bc5-4ffa-8bf3-e92463eac587,+48123451017,+48123454662,2025-12-10T17:29:27+00:00,0,BUSY
53bf5236-d597-4ee0-a1cb-ff360372ea7e,+48123451012,+48123454570,2025-12-11T13:55:02+00:00,0,BUSY
6ab88027-2dd1-4e00-a76c-8916c3a5e62c,+48123451017,+48123454804,2025-12-03T05:20:09+00:00,1429,ANSWERED
191431f3-e323-45e4-87cf-6fd69353df1a,+48123451008,+48123456997,2025-12-21T06:44:43+00:00,1152,ANSWERED
619df126-663f-4f12-b51a-42fe03633ffd,+48123451009,+48123453842,2025-12-18T22:55:11+00:00,0,BUSY
22322066-f9be-4b59-8915-054b8bb85ca4,+48123451009,+48123457774,2025-12-10T05:52:40+00:00,992,ANSWERED
185a46a0-dcd6-4839-9759-1656ad4daf4b,+48123451011,+48123456591,2025-12-20T01:18:42+00:00,0,BUSY
0f9d5828-ab54-44ce-946d-9e715c81cd0f,+48123451003,+48123456697,2025-12-15T05:16:03+00:00,818,ANSWERED
52d0ecc7-2f75-4fa6-9d3d-65195c2c18d8,+48123451011,+48123459820,2025-12-25T20:00:42+00:00,0,FAILED
c027575c-e5e3-419f-87ce-65d33ae1bba2,+48123451001,+48123454356,2025-12-28T21:40:38+00:00,0,BUSY
54a6f260-7503-400c-99da-5fde69d811cd,+48123451014,+48123457373,2025-12-10T16:43:47+00:00,423,ANSWERED
f762bd03-778e-4c71-9654-491bbadc3680,+48123451017,+48123454221,2025-12-20T03:19:52+00:00,0,BUSY
506b6e66-e464-4a0c-80af-006c183c2de6,+48123451003,+48123457043,2025-12-21T14:38:45+00:00,113,ANSWERED
c84b71e8-675c-44d7-a3af-4b525654050a,+48123451021,+48123459415,2025-12-03T11:11:46+00:00,117,ANSWERED
70b62293-8f0b-4ce0-b1bd-1690e45d1a6e,+48123451003,+48123455385,2025-12-11T00:00:54+00:00,1405,ANSWERED
6c619994-0bc7-472f-9849-45cf298a278c,+48123451024,+48123453126,2025-12-07T10:52:01+00:00,333,ANSWERED
ca173c6e-75e3-42a7-93e0-5ab60a04c2ed,+48123451013,+48123457348,2025-12-10T20:24:30+00:00,0,BUSY
eea0d243-310f-4f44-993f-7aec0f741fe5,+48123451020,+48123453633,2025-12-19T10:15:40+00:00,0,FAILED
26e92282-5cf8-446a-938f-3e71d9d71720,+48123451009,+48123457291,2025-12-28T10:17:19+00:00,1185,ANSWERED
24d18957-61f0-4822-88c7-f0b6a4b985bd,+48123451007,+48123456383,2025-12-30T19:15:02+00:00,368,ANSWERED
8b01e5ec-3017-49ef-8235-ddca62d9de8d,+48123451013,+48123459227,2025-12-30T20:18:07+00:00,0,FAILED
5ef824ff-f312-4706-9441-4cc18e9115ad,+48123451012,+48123458454,2025-12-19T07:49:04+00:00,86,ANSWERED
dd61b987-525a-48be-b9a4-17280f7f3244,+48123451000,+48123454444,2025-12-27T14:47:01+00:00,696,ANSWERED
738a0bb7-fb46-488a-80b7-5854bfbb8f4a,+48123451009,+48123455722,2025-12-07T18:34:27+00:00,0,BUSY
74a56a76-d893-494d-ba5b-98bea78ff14a,+48123451015,+48123459284,2025-12-09T13:15:31+00:00,0,BUSY
c7ace681-c0be-4a8c-90bd-e3c6277f84d4,+48123451008,+48123453579,2025-12-17T10:48:50+00:00,0,FAILED
c3d657be-4299-447c-82df-254dbcf6ef49,+48123451023,+48123455759,2025-12-24T00:38:00+00:00,1518,ANSWERED
bfab1826-f82b-4567-8066-4d4ae0348ef7,+48123451010,+48123458477,2025-12-23T17:00:49+00:00,1261,ANSWERED
9013a52b-1f95-422d-8d7d-e2274c4ca2aa,+48123451020,+48123459348,2025-12-13T00:50:28+00:00,681,ANSWERED
d233f82b-0499-42c3-9d7b-00f16f1768db,+48123451002,+48123455283,2025-12-24T02:10:52+00:00,987,ANSWERED
4a86f365-9da7-481a-bffd-35965b7d2e98,+48123451010,+48123459666,2025-12-20T15:09:36+00:00,492,ANSWERED
ddc49c63-a46b-4d28-b13b-bb73afc2c933,+48123451014,+48123458174,2025-12-17T11:57:41+00:00,1202,ANSWERED
fb97e0f9-2d50-4197-aabe-55afd01b8c76,+48123451023,+48123456693,2025-12-02T18:00:37+00:00,1428,ANSWERED
cf41aef2-9313-4cfe-8981-1b7f007f9ee6,+48123451007,+48123452508,2025-12-11T07:39:41+00:00,337,ANSWERED
77bbf4b1-b7ed-4e60-94ae-e252a1c63eed,+48123451012,+48123457620,2025-12-18T08:19:16+00:00,250,ANSWERED
2f42eda3-0a0e-47fd-9fc0-98b448f33cfc,+48123451020,+48123459504,2025-12-15T18:32:21+00:00,0,BUSY
04643d2c-d2a8-493a-8f04-aecd03e37393,+48123451007,+48123453795,2025-12-10T17:41:51+00:00,0,BUSY
53a92cb8-f5fd-40ed-8d1d-ba53331837bd,+48123451014,+48123458125,2025-12-15T11:54:34+00:00,0,BUSY
db93c30a-de14-449a-b722-f63b2f050122,+48123451022,+48123456499,2025-12-08T00:53:09+00:00,0,BUSY
d3c6de33-e7e8-4e1e-baf8-f4efac225f7d,+48123451021,+48123458763,2025-12-21T05:42:17+00:00,1555,ANSWERED
e3a00644-07f5-454b-b825-7af463df7518,+48123451019,+48123459152,2025-12-08T14:00:32+00:00,0,FAILED
0beaf6e5-986c-4b29-b883-92da3552f528,+48123451016,+48123457765,2025-12-06T19:46:53+00:00,136,ANSWERED
14aadb17-882c-460a-91ad-4140010cb1f7,+48123451017,+48123459396,2025-12-06T10:27:26+00:00,316,ANSWERED
d44db455-025f-43e6-b2e5-9a3df3422cab,+48123451005,+48123454687,2025-12-12T09:23:53+00:00,0,FAILED
8f388737-c822-4173-92e6-a9e53464c5fb,+48123451021,+48123453682,2025-12-10T06:04:55+00:00,1055,ANSWERED
9dc7cc51-1fe1-45a1-aa37-b449e278fc99,+48123451014,+48123458624,2025-12-26T11:52:28+00:00,860,ANSWERED
66cc95a8-dc7d-45df-94d6-3b0309d9a74d,+48123451014,+48123456619,2025-12-11T10:57:17+00:00,1662,ANSWERED
ef0aa8b0-b2d4-41ba-b65b-a84a348ca892,+48123451009,+48123457925,2025-12-20T22:03:08+00:00,16,ANSWERED
e7d32daa-bfe9-4df7-b26c-d96787ee9bf9,+48123451023,+48123453785,2025-12-30T10:31:33+00:00,715,ANSWERED
6202a24a-1cc9-4e9c-8f80-9869bddaa365,+48123451022,+48123452522,2025-12-29T18:11:01+00:00,151,ANSWERED
06e89890-e5f0-45a6-bd66-3b05364d7437,+48123451015,+48123452259,2025-12-24T07:24:11+00:00,287,ANSWERED
e597331f-4425-45f2-afef-b194a8d98622,+48123451024,+48123457255,2025-12-03T02:31:34+00:00,0,BUSY
863b0637-8324-4153-b3ae-cd2f12b38aaf,+48123451011,+48123459301,2025-12-15T07:40:36+00:00,174,ANSWERED
cdbcb2d1-dda6-4a3c-b454-51faf621882b,+48123451021,+48123459898,2025-12-07T22:56:52+00:00,1348,ANSWERED
bae1ab35-371d-46ee-9f37-0cd3b5c4e3ed,+48123451011,+48123452971,2025-12-08T01:10:35+00:00,1093,ANSWERED
65454a65-e17b-4199-8301-006932cf668a,+48123451004,+48123457962,2026-01-01T08:12:12+00:00,0,BUSY
c28b035c-efcf-4321-a23e-48c6349d40ed,+48123451000,+48123454444,2025-12-07T17:19:33+00:00,1099,ANSWERED
6c924166-22c9-40c6-a23d-b056665fbed5,+48123451012,+48123458744,2025-12-11T12:52:38+00:00,327,ANSWERED
21200822-c7ce-495a-a8e6-95a725332980,+48123451008,+48123453544,2025-12-27T08:44:58+00:00,0,BUSY
8d31b0b8-3809-4437-9359-85a25f792273,+48123451021,+48123455434,2025-12-31T18:54:45+00:00,432,ANSWERED
1d802404-52ba-417f-a1d0-7f13aee1911b,+48123451002,+48123452826,2025-12-12T04:22:22+00:00,1386,ANSWERED
ee904503-2e5b-402c-883e-27ad324366bc,+48123451022,+48123459145,2025-12-30T11:40:35+00:00,908,ANSWERED
b83074c5-7f9d-4cae-a2b0-865906170510,+48123451007,+48123456421,2025-12-29T22:20:52+00:00,1041,ANSWERED
c6202ff9-91ce-4fef-a6a5-e5607e73d233,+48123451009,+48123453918,2025-12-06T06:44:40+00:00,0,FAILED
d6a30141-478a-4194-8666-267c37db8180,+48123451018,+48123456898,2025-12-17T21:44:45+00:00,0,FAILED
fab7f8c7-6574-48c1-949a-0f534fa06357,+48123451009,+48123459178,2025-12-08T18:39:46+00:00,856,ANSWERED
79d016b8-d0fd-4757-889c-0f54bdef6438,+48123451009,+48123454254,2025-12-05T13:44:04+00:00,1515,ANSWERED
3e24b50f-4ee3-4583-a9e4-a1d2651d42c8,+48123451005,+48123457128,2025-12-07T04:51:29+00:00,106,ANSWERED
fe98dbf5-0745-41b0-be2a-68d8c4b162bb,+48123451011,+48123459713,2025-12-15T03:40:10+00:00,1084,ANSWERED
80cd9a8d-a260-41b0-a7fc-71f3a16a2c9c,+48123451010,+48123457704,2025-12-25T17:00:41+00:00,780,ANSWERED
16489c1d-adbf-491e-b046-5b0755f63f16,+48123451005,+48123458180,2025-12-21T12:47:06+00:00,471,ANSWERED
0d62cabb-8197-4bb1-b020-190808d484e1,+48123451009,+48123459024,2025-12-11T10:15:02+00:00,128,ANSWERED
d6750eff-14bf-4644-a014-78683e078668,+48123451017,+48123455380,2025-12-07T03:17:27+00:00,0,BUSY
5a9c9bd5-ded6-4f46-a1cc-bf20c0f3c98b,+48123451004,+48123455181,2025-12-23T05:54:39+00:00,1334,ANSWERED
2fabbacc-5529-42ae-be21-41f99232abda,+48123451002,+48123459554,2025-12-15T14:41:55+00:00,1106,ANSWERED
ef1b8ae0-c2e7-4c8f-8537-075e9bc6e2be,+48123451023,+48123458794,2025-12-20T06:46:36+00:00,1389,ANSWERED
72f3368f-a02f-4047-9b3e-00145877c13f,+48123451019,+48123456939,2025-12-29T04:30:48+00:00,1657,ANSWERED
14afce2e-2f86-4fcd-90b3-b5a4e8bf7a73,+48123451024,+48123456813,2025-12-07T01:35:47+00:00,991,ANSWERED
7da63a73-7076-4a99-9bfe-718e6b282a3b,+48123451006,+48123459122,2025-12-18T16:50:02+00:00,0,BUSY
2f695937-83c5-485f-a011-a1c643e0f858,+48123451000,+48123453735,2025-12-27T03:51:13+00:00,0,BUSY
3513d22d-fa44-408e-982d-c29028568f7b,+48123451024,+48123455923,2025-12-04T23:49:15+00:00,0,BUSY
d770555f-a012-4b8c-b78b-6e4d19cc0283,+48123451006,+48123455249,2025-12-07T08:58:40+00:00,0,BUSY
f76e2308-7783-4185-af4a-03a456e5aaf9,+48123451024,+48123454318,2025-12-08T05:06:19+00:00,745,ANSWERED
ece55e85-28cd-4950-a14a-7ce2b19e0947,+48123451009,+48123454142,2025-12-09T20:50:31+00:00,211,ANSWERED
8d527e22-2969-4336-9e18-29e8c7122fef,+48123451023,+48123455846,2025-12-17T22:13:02+00:00,0,FAILED
7cec0c43-fdd6-4e2a-83c5-f975aad6364c,+48123451006,+48123455036,2025-12-30T10:03:24+00:00,1779,ANSWERED
8f5be93c-6dd2-49fd-ad17-06833db17bf1,+48123451007,+48123458072,2025-12-20T15:09:25+00:00,1206,ANSWERED
4fbcb64e-8f28-406e-b66b-eadfe57fd39f,+48123451018,+48123457898,2025-12-25T13:31:48+00:00,685,ANSWERED
06631d49-a19f-4463-98c4-216c9a4e475a,+48123451007,+48123455111,2025-12-21T07:35:29+00:00,1137,ANSWERED
9d6e5d8e-86da-4111-85fc-c181c4e329cd,+48123451020,+48123459728,2025-12-20T18:55:12+00:00,1692,ANSWERED
e1b3e2ef-e600-4629-b868-411809d9f7ef,+48123451015,+48123459917,2025-12-10T04:08:31+00:00,354,ANSWERED
08753777-421d-4938-8ea1-b309f2500c05,+48123451023,+48123458512,2025-12-26T03:07:14+00:00,1129,ANSWERED
0982e82f-ba0a-4ace-9f83-2129a588da9b,+48123451015,+48123453507,2025-12-07T19:50:19+00:00,0,BUSY
b4b250df-3cd5-4ae5-ab8c-0a5234607da6,+48123451001,+48123456292,2025-12-29T02:48:08+00:00,1378,ANSWERED
e1b1b00f-f2b9-40d9-907b-0386fc8f4ce0,+48123451001,+48123458261,2025-12-26T05:49:07+00:00,1301,ANSWERED
a7b0c445-c281-4de8-aa41-53712c4fc81d,+48123451007,+48123452556,2026-01-01T02:00:47+00:00,1045,ANSWERED
1eb19e72-dfb3-4c02-b4e1-70c480658e61,+48123451014,+48123455057,2025-12-03T11:25:18+00:00,1272,ANSWERED
1c99c0ff-74fc-4ad6-b25a-9a8973a8a124,+48123451015,+48123457400,2026-01-01T04:46:26+00:00,1139,ANSWERED
725f3f9c-7ff8-44ed-8a33-9098fc837181,+48123451013,+48123452097,2025-12-19T23:54:26+00:00,597,ANSWERED
e2fc39e1-aa29-4735-a94e-ec7ad077ef1f,+48123451000,+48123456114,2025-12-12T21:41:09+00:00,0,FAILED
5caec68d-b648-4057-a9a4-b0c2bf1779b4,+48123451005,+48123452876,2025-12-08T15:13:51+00:00,0,BUSY
1f9681cb-5fa0-4324-84fc-f2c58cefb398,+48123451007,+48123453572,2025-12-21T00:17:08+00:00,735,ANSWERED
e429f4e6-8b5b-4f23-a96c-54d3b4c4c67c,+48123451008,+48123458512,2025-12-15T12:31:35+00:00,950,ANSWERED
f48b5f46-4b64-4e88-8f60-9389b721ebe8,+48123451018,+48123453992,2025-12-22T05:18:41+00:00,0,BUSY
7e01eb55-af6a-4971-809d-8aec217a234d,+48123451021,+48123458783,2025-12-02T17:56:06+00:00,0,FAILED
b57532fd-ab33-4b73-8b97-56e6547da8d8,+48123451020,+48123458222,2025-12-14T01:19:36+00:00,782,ANSWERED
87454f9b-447e-404c-a7f2-eec6abeeaee2,+48123451017,+48123455899,2026-01-01T01:40:16+00:00,360,ANSWERED
363c2d8d-6cc6-4c96-9362-184cadcd75af,+48123451002,+48123456094,2025-12-03T03:35:10+00:00,0,FAILED
7530e31d-7dda-4965-8db7-2fc9b4169da3,+48123451010,+48123456635,2025-12-28T03:50:03+00:00,0,BUSY
f59f1205-a8c4-4309-9890-cbf2880a7b77,+48123451016,+48123459529,2025-12-22T21:04:03+00:00,1787,ANSWERED
05b092fb-ca34-463f-8af0-7adcaa5ad62a,+48123451022,+48123459270,2025-12-20T03:53:58+00:00,162,ANSWERED
ea9caa88-13e2-4114-857a-2c59765e97fa,+48123451021,+48123459582,2025-12-07T18:51:24+00:00,1357,ANSWERED
6218a30a-71ef-4b7c-94d2-7f3de662b320,+48123451001,+48123453469,2025-12-18T04:29:59+00:00,0,BUSY
b616f8ab-57f1-4beb-95f5-05b470521597,+48123451006,+48123456808,2025-12-14T08:57:01+00:00,167,ANSWERED
ac413ead-3d60-45a2-8ed8-abcc6c2fa00d,+48123451009,+48123453330,2025-12-06T17:01:07+00:00,1749,ANSWERED
706ad028-d9d6-4505-8991-dde889d39e6f,+48123451012,+48123457546,2025-12-17T09:39:36+00:00,0,FAILED
912c8008-5010-4e8c-b6e9-c690982efc5b,+48123451024,+48123458059,2025-12-28T22:20:28+00:00,1536,ANSWERED
d299cb56-c233-4520-b712-24bf16a61966,+48123451011,+48123452439,2025-12-21T22:26:07+00:00,165,ANSWERED
476519a9-f774-4013-aa86-4b96bacea826,+48123451010,+48123456957,2025-12-05T09:26:35+00:00,0,FAILED
9d92b1b3-49f4-4cec-b4e2-b78a3035a5b1,+48123451024,+48123454673,2025-12-20T01:27:10+00:00,932,ANSWERED
b20b40e3-6b34-41d9-8055-63e0445bd7d9,+48123451015,+48123453868,2025-12-15T09:56:33+00:00,390,ANSWERED
19761886-8dc0-492c-ac4d-836a7b9a08bc,+48123451021,+48123456799,2025-12-28T14:23:11+00:00,1276,ANSWERED
6101d237-1f49-4d73-9049-b0273ab8c868,+48123451009,+48123458537,2025-12-29T03:42:55+00:00,558,ANSWERED
d2eee872-f267-4e7b-a95b-f12f6bd9a685,+48123451004,+48123455112,2025-12-03T15:36:51+00:00,1524,ANSWERED
1607a5e2-4931-4455-a933-0e23b2699032,+48123451012,+48123454594,2025-12-28T08:03:00+00:00,641,ANSWERED
e1f09865-4b51-4b68-8bc1-d4b23182fa5f,+48123451014,+48123454948,2025-12-27T20:20:52+00:00,0,FAILED
c8be3151-5599-4d10-be62-b43b2eac013a,+48123451002,+48123453535,2025-12-07T03:37:25+00:00,1059,ANSWERED
bbdaa925-52f0-4d06-bc73-c9d82cd1d81a,+48123451013,+48123452846,2025-12-16T09:25:25+00:00,200,ANSWERED
393bb476-a83b-46c9-9e9c-9905bae38acc,+48123451019,+48123456899,2025-12-14T23:14:00+00:00,0,FAILED
00ba5519-601a-4390-bfd1-1cf525e12100,+48123451009,+48123455389,2025-12-28T15:29:14+00:00,1155,ANSWERED
f39ac1bf-cc30-4785-9119-1227e8aeda48,+48123451007,+48123456685,2025-12-15T04:08:50+00:00,294,ANSWERED
eb88130c-eb36-4b50-9712-87f9919b65e4,+48123451008,+48123454466,2025-12-25T20:36:56+00:00,352,ANSWERED
5faf6f96-0e5b-49e6-95ac-c3750ee2d6ae,+48123451013,+48123454260,2025-12-10T11:05:10+00:00,167,ANSWERED
8ceb501e-c8c9-4a98-8cbf-92ea98a0f043,+48123451011,+48123454061,2025-12-04T01:17:29+00:00,0,BUSY
cfbfb87c-bc0e-41c1-8fd3-043385ec6977,+48123451019,+48123457051,2025-12-27T15:09:52+00:00,633,ANSWERED
084ae816-9a97-41b2-a723-2448e7dd7d94,+48123451000,+48123459772,2025-12-04T06:35:36+00:00,1656,ANSWERED
480947ce-d088-472d-991b-04803e08066d,+48123451010,+48123455606,2025-12-02T20:53:22+00:00,288,ANSWERED
8f84b2eb-6110-48e0-b402-1820d196dd7d,+48123451009,+48123454626,2025-12-23T08:36:30+00:00,653,ANSWERED
94bfc8a4-1c39-40d1-ba7d-58d8fa41f5bb,+48123451005,+48123459901,2025-12-17T23:24:42+00:00,1515,ANSWERED
26adfc47-a083-406f-a8f3-f6eb325b245c,+48123451022,+48123457184,2025-12-06T06:59:10+00:00,506,ANSWERED
cc0622fb-3cfd-4b84-857c-9ef384642006,+48123451010,+48123455080,2025-12-14T14:48:37+00:00,243,ANSWERED
caa780dc-58d8-43d8-938f-563b602d51a8,+48123451018,+48123453636,2025-12-07T16:01:49+00:00,1406,ANSWERED
61b483af-4a74-47d3-b376-ec5f712e9fb0,+48123451024,+48123456506,2025-12-11T11:47:15+00:00,439,ANSWERED
ce15da42-e020-420b-a9ff-c0ffb55bc562,+48123451014,+48123458534,2025-12-29T08:27:08+00:00,1746,ANSWERED
07d2f494-9a6e-4737-a30a-e0a723472d9d,+48123451013,+48123457513,2025-12-03T16:13:41+00:00,505,ANSWERED
14161aa0-1e0f-404c-82d7-0fa5b6e0ae46,+48123451008,+48123457395,2025-12-13T05:49:10+00:00,782,ANSWERED
db4122e1-d6da-464a-b82f-b261891c3b7c,+48123451002,+48123455678,2025-12-10T16:32:23+00:00,0,BUSY
a5b5b78c-4535-4cc7-a501-83d35cf0fbd9,+48123451012,+48123456377,2025-12-13T11:06:26+00:00,85,ANSWERED
67fd17b2-8759-4d30-a0b4-c004ce8802c6,+48123451011,+48123457747,2025-12-08T01:33:22+00:00,0,FAILED
9be3accf-84f6-4e57-96c1-8e4419e29a60,+48123451020,+48123459490,2025-12-21T04:51:18+00:00,1371,ANSWERED
4471e1b7-5b31-4970-8496-0445f964bb0d,+48123451011,+48123453362,2025-12-30T11:36:24+00:00,1331,ANSWERED
517bd07e-1676-4e39-b5ad-261c6715b623,+48123451021,+48123457298,2025-12-17T09:48:10+00:00,891,ANSWERED
26e87e8b-c7f3-4a3b-a9ae-633d1cad96f9,+48123451003,+48123452086,2025-12-22T09:30:28+00:00,1539,ANSWERED
64a24d93-85d3-4392-ae6d-ee9c28dd14d8,+48123451016,+48123456571,2025-12-06T07:41:46+00:00,922,ANSWERED
1438d88c-83fb-4b8b-8a44-58a752593072,+48123451011,+48123455204,2025-12-05T17:06:16+00:00,1034,ANSWERED
370cb655-473a-465f-8901-f251c77b638d,+48123451004,+48123454825,2025-12-10T12:41:54+00:00,0,BUSY
41d9a475-844e-4bb3-aaeb-d9637e92ac7e,+48123451009,+48123455407,2025-12-28T14:13:53+00:00,0,BUSY
b65c9eba-2955-4694-8013-44ea36f5a3c4,+48123451023,+48123453160,2025-12-16T21:16:31+00:00,1616,ANSWERED
248d4a93-032b-4399-bd73-0fd15e8163ed,+48123451006,+48123456268,2025-12-10T19:54:54+00:00,907,ANSWERED
27100e0b-95ae-42a0-b411-a590fe88ee15,+48123451023,+48123457707,2025-12-29T10:37:41+00:00,101,ANSWERED
56cc0aeb-55a1-4f37-a87f-1454f92d0209,+48123451022,+48123452942,2025-12-16T21:16:19+00:00,233,ANSWERED
e69ff7ec-8c60-402c-8857-2cb29fb48c71,+48123451021,+48123458554,2025-12-21T09:34:27+00:00,367,ANSWERED
74b8a2f9-b749-45d7-831c-c3daf0f329ea,+48123451017,+48123453311,2025-12-13T02:17:31+00:00,484,ANSWERED
09d61d7a-cb63-45b9-9505-3cc27b2c4007,+48123451012,+48123457158,2025-12-03T08:25:18+00:00,895,ANSWERED
cc09aec6-23f7-46eb-b9dd-f104badef4c5,+48123451012,+48123452239,2025-12-23T12:28:32+00:00,1222,ANSWERED
e74c44b4-c893-4d0e-a0f0-a694f6ddcee4,+48123451013,+48123455185,2025-12-22T17:23:47+00:00,580,ANSWERED
c875b026-240c-4192-8b51-f2e459d7945c,+48123451024,+48123457765,2025-12-29T15:39:24+00:00,0,FAILED
abfd61fd-a406-41d1-a2da-73e50f63512a,+48123451003,+48123458549,2025-12-23T23:47:37+00:00,0,FAILED
f72ea712-75e3-49d3-9225-1157349a5f9c,+48123451010,+48123453614,2025-12-20T13:26:18+00:00,1776,ANSWERED
4a95215e-2f72-401e-83a0-b7eb8d25f4ad,+48123451015,+48123456323,2025-12-18T05:40:22+00:00,0,BUSY
c117c2a6-9115-4bea-b8ad-64fbf50387d8,+48123451012,+48123457007,2025-12-27T07:13:38+00:00,730,ANSWERED
4b8adf02-79b1-4159-8660-887d1bb501e2,+48123451014,+48123457057,2025-12-18T23:06:02+00:00,1268,ANSWERED
61d41907-edcb-4b7e-80b1-7ec111423a45,+48123451018,+48123452694,2025-12-18T05:55:53+00:00,498,ANSWERED
4e84a82b-09f2-42c0-8253-da01018bea4e,+48123451009,+48123452958,2025-12-26T01:35:28+00:00,805,ANSWERED
20a769cf-43e4-4f0d-80c2-80b1773880e8,+48123451013,+48123456885,2025-12-15T00:53:33+00:00,390,ANSWERED
880ac996-1eb4-43ca-a6ba-3f14b2e386ac,+48123451015,+48123457206,2025-12-03T03:12:01+00:00,364,ANSWERED
c14ea9de-74fb-46ba-ad3b-a73f7a717fe1,+48123451017,+48123453366,2025-12-26T02:45:49+00:00,654,ANSWERED
d67194e8-fce8-4f4d-92d8-835c9c614765,+48123451014,+48123457074,2025-12-16T03:51:00+00:00,1002,ANSWERED
2567402f-69d3-4b39-8d70-0bcec6d2dc35,+48123451004,+48123453598,2025-12-06T22:36:28+00:00,0,FAILED
9dba9398-a626-45fa-a639-636ed2ce66b0,+48123451020,+48123456054,2025-12-10T02:54:34+00:00,1464,ANSWERED
11058dc4-9e1f-4fb3-8cf0-2269d63fb4a2,+48123451014,+48123456003,2025-12-06T18:26:59+00:00,1639,ANSWERED
24dc1ef5-60ca-4db1-9217-89ccd1c95ed1,+48123451024,+48123453806,2025-12-19T23:47:46+00:00,1111,ANSWERED
7719ae7f-f97d-4037-ac0c-7c21bee07794,+48123451009,+48123453377,2025-12-06T18:09:13+00:00,0,FAILED
1eaad598-3e84-46de-9698-368d9608bfa7,+48123451024,+48123458274,2025-12-09T06:03:53+00:00,1182,ANSWERED
ee63b8df-ff8f-4265-b2e7-6d15709fc3c1,+48123451003,+48123454194,2025-12-15T19:17:26+00:00,0,FAILED
35c72606-1a89-4b4c-aeeb-8a6bd910fe46,+48123451024,+48123452340,2025-12-12T09:54:26+00:00,0,FAILED
e73215f8-ecc4-4bda-bab3-9671686721c5,+48123451006,+48123455482,2025-12-02T18:00:12+00:00,516,ANSWERED
ddd12dc7-9bb6-4227-af17-5b58cefdb84c,+48123451009,+48123459166,2025-12-12T00:46:44+00:00,0,BUSY
9442f26b-7595-42da-b66e-ef385d1e5f5c,+48123451011,+48123459063,2025-12-12T12:25:05+00:00,0,FAILED
f734032c-1ad1-4a1d-a29b-6740a2970aff,+48123451003,+48123458353,2025-12-22T22:45:09+00:00,0,FAILED
f448b8d8-1dc6-4ea2-b26f-51f56960b80a,+48123451023,+48123456816,2025-12-04T17:25:20+00:00,886,ANSWERED
23aee4dd-a4dd-4d1d-87f9-bbff1803d54d,+48123451005,+48123457047,2025-12-23T02:18:08+00:00,433,ANSWERED
c57f724b-3cf2-47ff-b25d-956b6262ddc2,+48123451001,+48123456670,2025-12-19T16:58:22+00:00,1113,ANSWERED
62c37f56-0165-4efb-b624-94736d637c67,+48123451005,+48123454651,2025-12-19T04:21:42+00:00,0,BUSY
aeb2f499-44f8-4302-85a8-0e14aa41d95f,+48123451018,+48123454190,2025-12-09T02:07:03+00:00,0,BUSY
c5ed97a5-65df-4d99-8db8-27775a8a9986,+48123451021,+48123458677,2025-12-13T18:25:02+00:00,131,ANSWERED
d24a0935-cbb7-4ff4-a40f-2a4d570c493c,+48123451008,+48123459102,2025-12-26T11:03:45+00:00,309,ANSWERED
a18ab5bf-111d-4bbe-acb5-be343bb6f2f1,+48123451022,+48123454638,2025-12-14T15:03:29+00:00,0,FAILED
96af9c8f-0977-45dd-90ad-3b6b86417eb7,+48123451004,+48123456730,2025-12-03T22:15:34+00:00,778,ANSWERED
2b120b03-9be2-4814-909d-4365ca4631fd,+48123451014,+48123452618,2025-12-28T06:18:35+00:00,1065,ANSWERED
264bbfde-95fd-4972-82d9-4f5ac45c7f48,+48123451023,+48123454279,2025-12-15T16:52:31+00:00,1009,ANSWERED
a6a362a3-04e2-4914-9c7d-7a0f709c0d6c,+48123451010,+48123456767,2025-12-28T06:15:14+00:00,948,ANSWERED
513616d8-5559-44d5-aab8-137a10a8b9e5,+48123451020,+48123457440,2025-12-29T14:49:10+00:00,1104,ANSWERED
2f0fd38a-83e7-4dae-9906-2def226338d3,+48123451012,+48123453784,2025-12-22T20:36:29+00:00,0,BUSY
455b7f0a-8243-452a-8eae-695a9fee16e1,+48123451008,+48123454644,2025-12-17T03:04:25+00:00,0,FAILED
505590aa-8a81-4aab-9774-d08a654d0563,+48123451018,+48123453069,2025-12-10T09:52:10+00:00,713,ANSWERED
0194f89c-84c6-480a-b40b-ab46be2554b2,+48123451021,+48123458244,2025-12-27T23:14:20+00:00,1615,ANSWERED
5c4b300d-b85c-4ed0-ac8f-686046ab636c,+48123451014,+48123452133,2025-12-25T07:26:32+00:00,944,ANSWERED
dd0ae73a-1f90-45a3-b7ff-cc28b5dc8c4b,+48123451000,+48123459848,2025-12-26T11:54:04+00:00,1341,ANSWERED
70ede1eb-399d-44b6-9f4d-64a6e1193669,+48123451009,+48123453302,2025-12-20T00:41:55+00:00,0,FAILED
7be271fd-32d8-45f4-821d-874ddec81ed0,+48123451020,+48123454952,2025-12-15T13:50:18+00:00,1338,ANSWERED
19177aaa-9b91-4c55-baff-6f84eb13fcbf,+48123451005,+48123452424,2025-12-18T14:18:14+00:00,1442,ANSWERED
b9cb370d-62dc-413d-8119-298c7f5b0594,+48123451024,+48123453918,2025-12-28T08:23:15+00:00,204,ANSWERED
7dc34184-34b4-4b7b-9c22-7e3ea245f923,+48123451000,+48123453748,2025-12-26T11:03:23+00:00,473,ANSWERED
9d6ae3c6-37db-436c-bfbe-980e92b5b5ee,+48123451016,+48123457570,2026-01-01T03:11:16+00:00,713,ANSWERED
c927a367-0a1a-44af-ba18-baa3679e4a30,+48123451003,+48123459047,2025-12-26T11:37:30+00:00,155,ANSWERED
1d0b5ec8-8406-4e7d-a117-a57f7b072e10,+48123451007,+48123455138,2025-12-27T20:07:54+00:00,651,ANSWERED
68a69481-18aa-4eac-bf68-4c06a8a80de4,+48123451011,+48123459217,2025-12-15T01:57:11+00:00,1675,ANSWERED
ce14802f-90b2-4fde-9952-9a32e74449b9,+48123451024,+48123459163,2025-12-25T23:57:56+00:00,1096,ANSWERED
579b4e4f-cdcb-41ec-a5bf-480f018452f8,+48123451018,+48123452069,2025-12-25T00:44:32+00:00,729,ANSWERED
89e73d2b-e981-4ca9-81f2-0c80a3d9f1dc,+48123451023,+48123453745,2025-12-25T14:39:02+00:00,853,ANSWERED
5c91292f-8dac-49c0-9ff5-3c0eefe4e378,+48123451019,+48123457624,2025-12-22T14:42:55+00:00,215,ANSWERED
ffaab223-ad40-4e82-aefc-a131a39279e1,+48123451004,+48123458164,2025-12-15T00:32:38+00:00,889,ANSWERED
36acac1a-537f-4516-887f-0a0a8e352b42,+48123451010,+48123458480,2025-12-19T21:28:19+00:00,182,ANSWERED
2eae0570-989e-4a25-9902-ae109996bb23,+48123451007,+48123456533,2025-12-04T20:20:42+00:00,1605,ANSWERED
595f7535-d6e0-48dc-adf3-4a6ec9495d8e,+48123451022,+48123452219,2025-12-02T12:50:04+00:00,0,FAILED
884ad19a-7f02-49fc-81b1-9db6a12473a7,+48123451009,+48123453683,2025-12-09T07:27:48+00:00,1541,ANSWERED
c39da824-f8aa-45e0-a628-d526fe995769,+48123451012,+48123454421,2025-12-21T14:34:29+00:00,800,ANSWERED
bfba421d-cd01-4c96-b790-b41ccf5c2064,+48123451003,+48123453974,2025-12-05T11:16:56+00:00,1091,ANSWERED
5318bcbc-5a09-43b3-b70b-db9d7e992fd4,+48123451000,+48123454958,2025-12-26T11:50:36+00:00,0,BUSY
64511d28-4555-4c55-83bb-f54e6ebf10e5,+48123451018,+48123455447,2025-12-24T15:17:12+00:00,974,ANSWERED
0fa9f181-07b4-4434-98fa-325cae4b66d5,+48123451024,+48123452597,2025-12-29T10:15:00+00:00,546,ANSWERED
7b59fc33-5474-44ef-b8be-7b3f8367ce03,+48123451006,+48123452326,2025-12-14T09:18:28+00:00,0,BUSY
6f3d8d14-360f-4d0a-8bde-971c25ed49bd,+48123451009,+48123457149,2025-12-13T14:14:33+00:00,1447,ANSWERED
088e3721-5eb2-4aeb-bb53-f9db693c229a,+48123451012,+48123452675,2025-12-08T00:44:21+00:00,322,ANSWERED
c1a9b877-8763-403a-91a4-e71d605eda4f,+48123451008,+48123452684,2025-12-09T05:31:02+00:00,426,ANSWERED
08d657bb-600c-479c-b598-ba9ecde6634e,+48123451004,+48123456394,2025-12-05T19:27:20+00:00,1573,ANSWERED
3b16902c-b754-4eae-853d-c8c344897781,+48123451020,+48123457579,2025-12-18T09:12:16+00:00,905,ANSWERED
2e80aa5b-0f1a-4664-a2a8-7eed372e1294,+48123451023,+48123459810,2025-12-29T20:45:45+00:00,0,FAILED
66fd464f-1460-43f7-b346-6c6865a6f534,+48123451002,+48123459574,2025-12-11T20:47:21+00:00,1256,ANSWERED
b3653835-289d-4aae-ba9e-0b69daf24c64,+48123451001,+48123454533,2025-12-02T13:13:13+00:00,369,ANSWERED
be013df6-e736-460e-aa42-fe8775645600,+48123451003,+48123452103,2025-12-31T23:36:50+00:00,1026,ANSWERED
28d4b937-e87f-4fb1-b21c-0ebb95423bf1,+48123451011,+48123456284,2025-12-20T16:49:50+00:00,771,ANSWERED
a8f48e7e-0d1c-4453-9324-57274d7dbfa5,+48123451004,+48123458142,2025-12-20T06:26:14+00:00,0,FAILED
5d84d57b-0808-4e23-be4e-81593040da45,+48123451003,+48123458319,2025-12-17T06:04:09+00:00,0,FAILED
31bddfd2-1b8b-4a66-985f-8af93735be31,+48123451013,+48123454228,2025-12-20T12:47:15+00:00,1190,ANSWERED
5c107d73-b73d-4d29-920a-b11c9a973fe7,+48123451020,+48123452631,2025-12-09T06:05:37+00:00,123,ANSWERED
5d9da6b7-5f02-407f-a446-48527df52408,+48123451015,+48123459039,2025-12-15T18:23:50+00:00,532,ANSWERED
796ef43f-ba36-4472-a8d1-392027e1ff75,+48123451024,+48123452842,2025-12-27T06:01:46+00:00,0,FAILED
11de9293-1826-4abd-a948-30a7376fc0d4,+48123451023,+48123456168,2025-12-31T22:34:45+00:00,104,ANSWERED
bdf8c9c5-a4ec-4dc0-adb2-7020fb3c31f3,+48123451015,+48123454981,2025-12-25T16:04:49+00:00,1766,ANSWERED
4d0be8c5-7cef-4c3c-9b57-8928f79a0e9a,+48123451001,+48123456529,2025-12-02T15:47:34+00:00,0,FAILED
85ba5c20-c9b5-4781-a401-96dc61d28957,+48123451007,+48123454636,2025-12-17T22:32:43+00:00,1701,ANSWERED
0b2e77c5-61e9-43b0-86b4-cf25661c1062,+48123451002,+48123456682,2025-12-09T15:38:17+00:00,117,ANSWERED
2e626fbf-470f-4ad1-9028-a31a77d0ad1d,+48123451005,+48123453828,2025-12-30T09:50:35+00:00,0,FAILED
ab7decee-2b07-4872-9e0a-5a82d253c76e,+48123451002,+48123459184,2025-12-19T15:38:11+00:00,1740,ANSWERED
5e10e57f-fca8-43b2-8f30-364930af4293,+48123451009,+48123454681,2025-12-11T17:07:00+00:00,765,ANSWERED
935c114d-ae34-4edb-97e8-4a85c08d4ff9,+48123451006,+48123454388,2025-12-18T16:02:13+00:00,1285,ANSWERED
4ddefd29-eee0-4a8b-a50a-918262d023d1,+48123451007,+48123455800,2025-12-10T01:07:11+00:00,1599,ANSWERED
afa0ae0c-2472-4cb8-b477-fa82b84f1a8e,+48123451006,+48123458000,2025-12-21T08:15:51+00:00,0,BUSY
20d2dd7b-a193-4f4e-b57d-59655434fd05,+48123451000,+48123459638,2025-12-21T21:30:26+00:00,719,ANSWERED
2aea2067-dc6e-4de7-91fe-47b2c39fe7ce,+48123451020,+48123458877,2026-01-01T01:31:39+00:00,12,ANSWERED
cb586c02-5bb7-45d3-88a4-15b0cdbad08c,+48123451024,+48123457384,2025-12-18T12:06:54+00:00,430,ANSWERED
6c80e7de-418c-4ca1-a64a-35ed5fde605b,+48123451016,+48123453951,2025-12-29T18:34:51+00:00,1467,ANSWERED
398c5c0e-1f33-44c8-beec-4b48a552483c,+48123451008,+48123452762,2025-12-21T23:10:03+00:00,1741,ANSWERED
eb5908d9-1ff3-4459-9334-23acc7dd5b7b,+48123451016,+48123455383,2025-12-15T13:08:31+00:00,1541,ANSWERED
85e602bf-f706-4b77-8cfc-a4b22eaa0197,+48123451002,+48123456757,2025-12-26T10:10:20+00:00,1689,ANSWERED
fc9d3fef-db8d-4fc3-a81c-49928b6f2714,+48123451012,+48123452613,2025-12-29T15:58:33+00:00,1366,ANSWERED
d995a407-b271-4967-904a-401b36b22df9,+48123451004,+48123453939,2025-12-18T03:55:01+00:00,1650,ANSWERED
689e07f8-ed69-439d-a0b7-a7f933da306c,+48123451012,+48123457740,2025-12-17T15:38:40+00:00,0,FAILED
77dfa5e0-d339-4a8b-bdf9-f5edb1b49521,+48123451014,+48123454227,2025-12-23T06:35:52+00:00,1607,ANSWERED
1028b963-6280-4ba8-a757-293008fce9a0,+48123451024,+48123456789,2025-12-27T16:35:50+00:00,930,ANSWERED
5cdb8269-3bf5-4489-9152-bc805fb1621a,+48123451014,+48123454572,2025-12-08T02:37:38+00:00,1587,ANSWERED
84b9ba70-a73a-4d4a-bf4b-b2e6c7ed016d,+48123451006,+48123455702,2025-12-20T10:32:06+00:00,255,ANSWERED
9b8ec701-aaee-498e-88a0-1c1c1e33b3ca,+48123451002,+48123453291,2025-12-18T15:42:08+00:00,0,FAILED
49015cab-662d-49d8-9dcf-17a46594ace5,+48123451022,+48123457708,2025-12-22T17:08:07+00:00,1764,ANSWERED
c3e72f56-a00d-4d27-b217-77292e21fdee,+48123451010,+48123453215,2025-12-21T04:52:38+00:00,821,ANSWERED
8fc3ee1f-ef47-4634-a832-fbdf0ba35517,+48123451016,+48123452401,2025-12-20T15:49:08+00:00,366,ANSWERED
17306258-e362-44ad-a80a-4c162e6afbe0,+48123451000,+48123459799,2025-12-11T22:04:25+00:00,1542,ANSWERED
d8fee127-9bdc-49c6-85bb-902780a87149,+48123451017,+48123454046,2025-12-27T20:41:09+00:00,1635,ANSWERED
37f7794d-0eee-4a4e-a0f3-e87c73c6f6d1,+48123451004,+48123452994,2025-12-22T09:12:52+00:00,415,ANSWERED
af76560f-ee29-4c13-a275-8368701875d2,+48123451012,+48123455049,2025-12-03T03:49:55+00:00,1202,ANSWERED
c274cf61-1a33-4e6e-98a1-9a0637772cdc,+48123451018,+48123454120,2025-12-29T02:05:59+00:00,0,BUSY
2cbf8107-6b12-4e66-acbe-0dadd6c3ad90,+48123451002,+48123453619,2025-12-12T07:39:09+00:00,0,BUSY
7a49e61b-f866-4a53-b51b-c166bc21bbb7,+48123451004,+48123452753,2025-12-17T09:51:53+00:00,0,BUSY
3e17fca9-947e-473c-b7d4-1ddbf3463d73,+48123451001,+48123459719,2025-12-24T20:30:01+00:00,1185,ANSWERED
6cf613de-af82-48b2-8e99-a8baff6c3255,+48123451013,+48123458731,2025-12-09T22:05:59+00:00,793,ANSWERED
990fd88d-3945-4483-90d3-b26a3e37067f,+48123451021,+48123455495,2025-12-22T17:28:02+00:00,393,ANSWERED
2fdfe0b5-29b1-4892-b966-aa996f85d4a5,+48123451008,+48123454292,2025-12-25T17:39:58+00:00,1267,ANSWERED
8d80cc05-db75-4d84-a8c6-2e64ea9ee910,+48123451019,+48123457054,2025-12-19T01:39:29+00:00,853,ANSWERED
a0194183-91d6-417d-9210-656557267202,+48123451017,+48123455924,2025-12-19T18:24:36+00:00,291,ANSWERED
c580582c-2746-4353-8ce7-9912abe31bac,+48123451013,+48123453633,2025-12-08T13:40:45+00:00,1301,ANSWERED
1ccce6d4-df6e-4e13-8889-59f8fbdb1384,+48123451017,+48123458511,2025-12-15T02:12:10+00:00,1470,ANSWERED
95cfcf9f-5b5f-4bf3-b381-9ea69521d101,+48123451011,+48123455929,2025-12-10T10:36:38+00:00,1168,ANSWERED
12f220de-10b8-4abf-bbe3-80d2c245874d,+48123451016,+48123454634,2025-12-24T07:35:59+00:00,663,ANSWERED
e86101ca-324f-41a2-b8f9-a5ea363071d2,+48123451019,+48123453794,2025-12-19T17:08:57+00:00,1666,ANSWERED
613016a8-2848-401b-a37b-6cc5d7737744,+48123451015,+48123456337,2025-12-05T22:07:46+00:00,336,ANSWERED
77c7b4be-b95b-45b4-9943-40565388a90f,+48123451003,+48123454030,2025-12-20T08:52:26+00:00,1681,ANSWERED
85a79963-7c46-4237-a849-d3998a9ea45e,+48123451023,+48123452458,2025-12-22T12:20:24+00:00,0,FAILED
0884ed11-46b3-462e-af7c-9f8eb7fab395,+48123451012,+48123454906,2025-12-24T14:15:49+00:00,0,BUSY
a7295df1-dd6e-4731-989d-c62711363b87,+48123451007,+48123456853,2025-12-16T04:06:02+00:00,1221,ANSWERED
5be88597-186b-4009-b0ae-fcb777b92027,+48123451000,+48123457762,2025-12-06T15:58:24+00:00,301,ANSWERED
c4b435b0-abb2-4735-80ea-a25455e0fd0c,+48123451018,+48123459769,2025-12-10T02:21:26+00:00,642,ANSWERED
11918da5-fc1c-4511-8001-ade73782f8a5,+48123451005,+48123456017,2025-12-29T22:38:46+00:00,1242,ANSWERED
2a14a6a2-3fa9-43a3-81e5-356831b0d831,+48123451007,+48123452163,2026-01-01T11:15:39+00:00,1267,ANSWERED
fad1b437-bc22-4780-b184-bec262f9c8c6,+48123451006,+48123458606,2025-12-24T10:09:02+00:00,1653,ANSWERED
b2af6087-081c-4e22-a06f-8db277a005e2,+48123451010,+48123452487,2025-12-05T19:15:15+00:00,300,ANSWERED
dd07d6e6-94b5-4e6a-a9a6-231d43b6d045,+48123451024,+48123452908,2025-12-15T21:26:56+00:00,0,FAILED
20734274-5c89-47ee-955d-697fc1f6e8c6,+48123451011,+48123457771,2025-12-14T11:54:23+00:00,0,BUSY
d7f2d1e6-1d57-455d-9668-91c4fc016045,+48123451003,+48123454757,2025-12-26T06:57:50+00:00,1509,ANSWERED
00329c21-9a80-4218-9dd4-faa53cd86bbf,+48123451013,+48123458486,2025-12-10T07:50:19+00:00,659,ANSWERED
c8d01884-4e94-43b9-9b74-0701f7309d48,+48123451005,+48123457793,2025-12-04T13:39:10+00:00,0,BUSY
63ebecfd-ead6-4592-844d-c6b677c11a77,+48123451011,+48123453828,2025-12-24T12:28:36+00:00,638,ANSWERED
06f3f65c-f3fa-4ac2-bd91-8c15ecb38287,+48123451023,+48123457640,2025-12-24T09:53:14+00:00,13,ANSWERED
2b809ef4-a6b8-4ef5-b47b-89e6f7bbf4c0,+48123451022,+48123459771,2025-12-06T16:09:58+00:00,382,ANSWERED
32798456-fe3a-4111-948f-901429570357,+48123451019,+48123454606,2025-12-04T16:12:46+00:00,0,BUSY
41544828-d176-476b-868d-54f821dfbe25,+48123451020,+48123456632,2025-12-09T22:02:51+00:00,688,ANSWERED
726e2131-dfe5-4906-ae47-e68e02280cdc,+48123451023,+48123452637,2025-12-17T23:00:50+00:00,1312,ANSWERED
d83ef91d-d747-4389-8464-b8127553dbfb,+48123451002,+48123458731,2025-12-03T09:55:14+00:00,697,ANSWERED
2dfe9880-e7f0-492b-be77-82a225713b21,+48123451014,+48123452093,2025-12-21T03:26:16+00:00,148,ANSWERED
400559be-d23f-4f2a-a459-5043a5b9dd5c,+48123451011,+48123454102,2026-01-01T10:36:57+00:00,0,FAILED
492edbc5-a9bc-46e5-9aa2-6905afc99abc,+48123451012,+48123455589,2025-12-24T22:18:04+00:00,857,ANSWERED
7b14bc42-5ffb-4dd4-9db6-2d28cc3b8717,+48123451015,+48123459223,2025-12-07T15:35:36+00:00,217,ANSWERED
3825ccfb-bda2-4b40-97c4-9965dd3d7acb,+48123451015,+48123458461,2025-12-02T20:58:12+00:00,0,FAILED
5a1f268d-c3d6-494c-9d01-c6d2a4c14a70,+48123451021,+48123453847,2025-12-29T03:29:09+00:00,1742,ANSWERED
2ee8fb81-4e5d-4048-af9f-ed39effb4045,+48123451001,+48123454415,2025-12-20T14:46:54+00:00,161,ANSWERED
e88e366f-739a-4cae-8a65-6192c8be22dd,+48123451010,+48123453393,2025-12-25T04:14:14+00:00,0,FAILED
fcf6e8a5-2b22-4a47-bd53-1e1c9acd23e2,+48123451002,+48123456481,2025-12-28T06:18:39+00:00,0,BUSY
8a8c1a00-166b-429f-b706-f46d3e3a6f67,+48123451019,+48123457026,2025-12-31T02:08:33+00:00,0,FAILED
c8e014cf-cfe2-4066-96f8-020b017f9a1b,+48123451020,+48123453351,2025-12-12T17:44:50+00:00,119,ANSWERED
8d246b97-0e89-41f2-b382-c86129be90c2,+48123451003,+48123454712,2025-12-23T20:29:34+00:00,1437,ANSWERED
f9d36aab-21e5-4291-836f-43188474cd40,+48123451017,+48123457914,2025-12-07T22:02:44+00:00,0,BUSY
89f15545-3e1a-4a8b-bf2d-0352b760ac1f,+48123451021,+48123454306,2025-12-28T03:14:57+00:00,814,ANSWERED
da13aacb-bf75-417f-acf3-a1e42c82db49,+48123451018,+48123456502,2025-12-25T12:14:57+00:00,0,FAILED
02b49398-35a5-4449-ad72-5fc7f4421462,+48123451011,+48123452031,2025-12-19T02:16:08+00:00,1365,ANSWERED
27621a10-5eb0-4b02-b6f8-8abe2195a5e8,+48123451020,+48123456916,2025-12-28T02:03:59+00:00,433,ANSWERED
20f50196-f003-4275-92dc-96e92af911da,+48123451005,+48123457228,2025-12-28T18:30:30+00:00,1738,ANSWERED
68c07222-47cb-4383-8453-c4fa6355e134,+48123451003,+48123454526,2025-12-11T01:36:29+00:00,0,FAILED
3f87eaf0-cf2c-4ce8-9d46-06e0c18d03bf,+48123451021,+48123454170,2025-12-07T17:40:36+00:00,388,ANSWERED
d29222dc-1e1a-4e39-ac7e-216ee0ed1885,+48123451011,+48123459253,2025-12-24T00:12:32+00:00,101,ANSWERED
ce0aec37-cd06-4191-bf73-69e23e05c042,+48123451008,+48123455602,2025-12-22T04:52:07+00:00,560,ANSWERED
b0933a0a-8c40-4430-b1e5-5ec527f75da5,+48123451018,+48123452504,2025-12-28T02:22:55+00:00,1378,ANSWERED
c59b8f39-bdbc-495e-8fe8-4bf1e8d0c701,+48123451011,+48123458620,2025-12-05T15:51:46+00:00,1143,ANSWERED
fd5dd7f8-0f02-4d6f-b2f0-8729a40943df,+48123451001,+48123458887,2025-12-08T17:12:34+00:00,1106,ANSWERED
56b85979-43b0-4c46-8874-6967edce0f3a,+48123451021,+48123459101,2025-12-06T10:26:04+00:00,0,BUSY
12565b67-06b0-40fb-a69b-5535b6927400,+48123451007,+48123455901,2025-12-14T12:46:03+00:00,1758,ANSWERED
8f017e6a-054e-4b0e-a37d-0d5cee94912f,+48123451022,+48123452284,2025-12-08T23:29:09+00:00,1180,ANSWERED
4619121e-e615-4463-80e5-ddb09b09942f,+48123451021,+48123457081,2025-12-12T01:31:49+00:00,352,ANSWERED
7b39bb10-798e-468a-b52a-f259999bf362,+48123451006,+48123458622,2025-12-30T13:23:33+00:00,170,ANSWERED
b3161fc8-90b8-443d-8aee-d59fc448a7d7,+48123451021,+48123455566,2025-12-03T22:54:51+00:00,1718,ANSWERED
5b7c9f51-5411-4556-a4fb-b1e6390ebf90,+48123451019,+48123454112,2025-12-29T10:48:55+00:00,804,ANSWERED
453adff5-a1ad-49f2-8c6c-01d7c68d48c3,+48123451017,+48123455255,2025-12-19T22:18:27+00:00,948,ANSWERED
8f96216f-e14a-42a4-adfa-585aa4285d3f,+48123451000,+48123458443,2025-12-05T18:12:27+00:00,1610,ANSWERED
cec3fc70-c73a-44aa-a6c9-2bb3ed576c4b,+48123451013,+48123452921,2025-12-25T18:07:24+00:00,1214,ANSWERED
020b5826-c012-4168-81e3-32dc3a515dfb,+48123451018,+48123458212,2025-12-27T22:33:01+00:00,0,BUSY
ebdc2983-2c35-4fab-9137-7e5b43e6a524,+48123451003,+48123456609,2025-12-19T11:30:05+00:00,0,FAILED
9a4de96b-60c5-49ea-bf7f-59d45a069627,+48123451017,+48123459210,2025-12-13T19:11:44+00:00,794,ANSWERED
7ffc9948-771a-4d40-a762-13f429c6f002,+48123451020,+48123455977,2025-12-10T23:18:58+00:00,362,ANSWERED
0731f30a-a2c9-45a5-a372-fd0d7b14e20b,+48123451008,+48123455301,2025-12-04T19:11:17+00:00,1430,ANSWERED
bab87a7b-2ae6-4959-aae9-8c7a6b5f4a0f,+48123451012,+48123452317,2025-12-17T09:55:16+00:00,496,ANSWERED
83463941-deba-4cac-af5f-fdf5156f2a58,+48123451001,+48123458109,2025-12-20T06:38:03+00:00,772,ANSWERED
1537c324-fbe3-4732-a78f-9ed57c22a942,+48123451000,+48123454767,2025-12-18T16:58:41+00:00,0,FAILED
addd4e04-b00b-43e9-9e11-4cde7c8c09fa,+48123451008,+48123458904,2025-12-28T00:43:05+00:00,476,ANSWERED
dac572dd-8512-42ef-b3b0-ed9587f6032a,+48123451004,+48123454461,2025-12-12T08:00:11+00:00,0,BUSY
97b91e35-6e44-4dbb-bd81-460e6d612c48,+48123451010,+48123454207,2025-12-04T23:12:19+00:00,192,ANSWERED
f2057d68-f8e3-424f-96e2-b92c55bb7938,+48123451006,+48123455618,2025-12-13T23:15:13+00:00,1002,ANSWERED
b3ea5cd9-c3e2-4444-8634-6cf3ef277dda,+48123451024,+48123456231,2025-12-29T22:36:28+00:00,0,FAILED
0ebfff29-0e93-411a-afcd-f849f9394795,+48123451005,+48123452537,2025-12-09T10:26:35+00:00,287,ANSWERED
2649050a-872a-41e9-bfaa-28c9c7616f8e,+48123451024,+48123458973,2025-12-06T14:51:59+00:00,365,ANSWERED
1df17ebe-16f9-4b6c-a20a-557ce1e48800,+48123451006,+48123459169,2025-12-29T21:03:45+00:00,0,FAILED
bdeb8f5d-cf48-49ea-aef2-9dbfd0168782,+48123451001,+48123455739,2025-12-16T02:22:15+00:00,417,ANSWERED
b0edfb04-739c-4340-95f3-50afcd977abc,+48123451008,+48123455017,2025-12-09T12:16:35+00:00,0,FAILED
dd48c3ec-16db-4105-9971-b7f4c63722b3,+48123451020,+48123459561,2025-12-31T02:37:45+00:00,772,ANSWERED
f12b610b-b517-432b-8f06-0a21117bf4a7,+48123451015,+48123456866,2025-12-10T21:37:23+00:00,1139,ANSWERED
0bc14e29-4bc1-4f20-a0ba-fe111a33b285,+48123451011,+48123454820,2025-12-20T17:28:13+00:00,1711,ANSWERED
fb203287-3ac5-4446-8423-ad43d301d414,+48123451022,+48123452740,2025-12-14T21:46:57+00:00,343,ANSWERED
50242868-8ca9-4d82-9968-87486665680c,+48123451018,+48123458388,2025-12-22T10:13:19+00:00,0,BUSY
24acc942-2837-4bbf-baa5-92f98bb6056a,+48123451007,+48123457551,2025-12-02T20:17:34+00:00,1061,ANSWERED
1764432f-d626-4484-840a-91133b934d1f,+48123451000,+48123459083,2026-01-01T02:16:30+00:00,0,FAILED
d1c6c58a-2dfb-4174-9270-b3004307ea17,+48123451004,+48123457303,2026-01-01T02:45:46+00:00,526,ANSWERED
b55af50b-d37d-45f7-9067-d1a2aec587c3,+48123451019,+48123458595,2025-12-03T05:57:43+00:00,0,BUSY
6c88a305-8419-4ef3-bf06-5bcc40617ca5,+48123451013,+48123459335,2025-12-16T15:06:31+00:00,526,ANSWERED
ab48cdf0-e3b1-4a10-97ec-f178cb71c868,+48123451006,+48123455823,2025-12-08T19:19:08+00:00,1287,ANSWERED
51e07572-0687-40d0-90ef-007e19460710,+48123451012,+48123456788,2025-12-09T05:17:18+00:00,1737,ANSWERED
328ba078-d0a1-43e4-8c0b-5cf8a10e7c32,+48123451011,+48123456599,2025-12-04T18:45:42+00:00,621,ANSWERED
af9f0dbb-6be1-4a77-9a65-2a96a9d36a1d,+48123451021,+48123452885,2025-12-17T04:41:43+00:00,1321,ANSWERED
6b2967b4-7b79-4e61-9507-885fd10e53d7,+48123451010,+48123459057,2025-12-02T15:20:15+00:00,1344,ANSWERED
b4278f34-8e1f-4a75-84b9-aa9f46516963,+48123451009,+48123453543,2025-12-21T13:31:03+00:00,126,ANSWERED
4f373db5-6c2c-4259-bbc5-9bae2bff9075,+48123451019,+48123455310,2025-12-26T03:09:14+00:00,62,ANSWERED
bbde92fb-974c-4a34-9413-8b15d60c2bee,+48123451020,+48123456074,2025-12-20T16:38:02+00:00,0,BUSY
cd3610dc-443f-475a-a719-0c38cd5ff5da,+48123451013,+48123455314,2025-12-30T21:25:23+00:00,1460,ANSWERED
324ebafe-43e3-41e5-8563-1b9b18368bbc,+48123451018,+48123458684,2025-12-22T09:07:17+00:00,1104,ANSWERED
0b95aefd-4e3b-4bfb-8f6c-12fa155c87c6,+48123451020,+48123458429,2025-12-16T04:25:28+00:00,624,ANSWERED
16c3192f-cf98-4ba6-a6fb-0a066e612a02,+48123451005,+48123458886,2025-12-07T02:14:49+00:00,611,ANSWERED
6f1a624f-c358-4feb-a060-a9c28847d5eb,+48123451003,+48123455856,2025-12-20T17:28:14+00:00,1665,ANSWERED
518b77ed-8e09-42c8-93a2-2c3e9056f4c4,+48123451017,+48123458249,2025-12-17T05:23:19+00:00,0,BUSY
f506948e-ce4a-436a-b6bd-9fda3296e3e1,+48123451002,+48123453820,2025-12-18T12:34:34+00:00,1624,ANSWERED
d1bdaa9d-7006-462c-8b38-59bf002d1a4c,+48123451010,+48123455044,2025-12-19T02:49:31+00:00,1753,ANSWERED
60d7aa2b-0f41-4f79-9bb6-80590576b257,+48123451003,+48123455854,2025-12-03T15:04:23+00:00,1198,ANSWERED
926f072e-56d9-4748-84ff-7333755b4d5c,+48123451019,+48123452583,2025-12-23T15:30:28+00:00,255,ANSWERED
7575b530-761d-484c-b5b5-40bc61bff901,+48123451021,+48123455126,2025-12-13T16:46:57+00:00,1793,ANSWERED
630352c3-8f62-4867-a0f3-2a27b2645169,+48123451004,+48123453125,2025-12-16T21:42:34+00:00,0,BUSY
263eebaf-65cd-4f07-9bfe-f4ae72453caf,+48123451018,+48123459314,2025-12-11T16:12:51+00:00,0,BUSY
a8a07c6d-6a1f-420d-bd67-2c792de46bd8,+48123451010,+48123459064,2025-12-28T19:43:29+00:00,691,ANSWERED
291f57d1-48aa-43b2-a909-0ed877d0dc26,+48123451020,+48123453448,2025-12-29T20:39:00+00:00,935,ANSWERED
05574974-f2d5-47e5-a10f-22e2f2e97230,+48123451008,+48123453715,2025-12-24T19:50:24+00:00,0,FAILED
a6f411de-cd0d-49f7-91b8-7becaebdc0bf,+48123451024,+48123453297,2025-12-28T11:50:52+00:00,1268,ANSWERED
0b4d02cb-edb0-4178-853f-182d5c2fe23c,+48123451013,+48123457189,2025-12-12T23:23:30+00:00,795,ANSWERED
1986d218-92a5-4def-8506-0b7f78578da7,+48123451000,+48123452309,2025-12-15T12:29:00+00:00,669,ANSWERED
80dfe445-b125-4aee-af8b-738a332b3f3e,+48123451024,+48123458825,2025-12-31T16:25:17+00:00,18,ANSWERED
7eae3929-4018-4d64-8f0b-94a40207a2d7,+48123451020,+48123458009,2025-12-16T19:52:41+00:00,274,ANSWERED
6781502e-e169-46ba-8a3a-d50c1da7bc97,+48123451003,+48123455142,2025-12-18T13:38:50+00:00,143,ANSWERED
091a8c71-463c-4e86-87da-fcb50a99ffe2,+48123451001,+48123454442,2025-12-11T18:00:14+00:00,0,BUSY
b719cee5-24b8-4353-ad8c-811c07c64df2,+48123451016,+48123456885,2025-12-12T18:19:04+00:00,1416,ANSWERED
862e6a0c-b5b6-4286-8df2-7dca983f0fbe,+48123451004,+48123454807,2025-12-10T04:35:38+00:00,0,BUSY
3b00d3c0-4da6-4d72-ad9d-2daf7e0a5565,+48123451024,+48123453543,2025-12-14T03:23:59+00:00,477,ANSWERED
34e90d98-fd95-4273-818c-bdebc672df1d,+48123451007,+48123457956,2025-12-22T21:19:14+00:00,0,BUSY
69fa8570-62b1-4b3c-8a40-6d2f9875db32,+48123451000,+48123456830,2025-12-26T21:28:37+00:00,1466,ANSWERED
a3ed7296-72d2-4b04-9571-ca8e610ba08e,+48123451020,+48123458489,2025-12-03T08:35:44+00:00,1589,ANSWERED
22352b93-294a-4f30-a6a5-21549d71bade,+48123451017,+48123457104,2025-12-30T07:36:18+00:00,231,ANSWERED
5dfb31fa-577b-4036-acbb-39e73a176434,+48123451020,+48123458849,2025-12-27T05:31:34+00:00,919,ANSWERED
f08d604a-956b-46c2-bc3c-46837a048662,+48123451012,+48123453012,2025-12-10T21:49:16+00:00,323,ANSWERED
e18d6d06-52d0-42e4-a689-89fd699adb34,+48123451006,+48123457695,2026-01-01T01:50:41+00:00,871,ANSWERED
43fbf207-f52d-4503-9b27-745440c56ee7,+48123451021,+48123452827,2025-12-20T05:06:21+00:00,1250,ANSWERED
22fe7500-da1e-4225-bacf-c33e2e569b7c,+48123451022,+48123453123,2025-12-27T17:24:28+00:00,1482,ANSWERED
dda31058-531f-46dd-b507-95dccde1e313,+48123451019,+48123452964,2025-12-27T15:55:29+00:00,416,ANSWERED
a04637f4-f27b-4b39-b2ba-d1ca65d4b251,+48123451019,+48123453636,2025-12-08T16:35:48+00:00,0,FAILED
68d3c481-ee2c-49ad-b1cb-ecac4792b634,+48123451011,+48123457762,2025-12-25T04:49:58+00:00,1132,ANSWERED
3a130273-567d-4890-a7da-e6bb47e0c268,+48123451015,+48123459457,2025-12-10T14:59:39+00:00,490,ANSWERED
f7b2fbb0-91ae-45b6-8273-91167929827b,+48123451000,+48123452104,2025-12-27T11:22:07+00:00,1185,ANSWERED
ae0cb979-fbbe-49c0-ade8-6f2062930fd1,+48123451021,+48123456047,2025-12-28T09:36:11+00:00,1057,ANSWERED
6e0cd284-d4a9-46bc-8fd7-f5c370d587ae,+48123451002,+48123457927,2025-12-20T20:29:19+00:00,483,ANSWERED
92fab1cc-6513-4c8c-b3b4-68fb9c90b47f,+48123451014,+48123454425,2025-12-30T05:17:54+00:00,1675,ANSWERED
47f70ea0-7793-403a-9cf0-9b0f078d82a6,+48123451005,+48123459160,2025-12-19T06:37:37+00:00,1651,ANSWERED
5d2e66fd-eb17-4e9e-80bf-384becced573,+48123451021,+48123454561,2025-12-27T05:24:54+00:00,1753,ANSWERED
b4da9138-7436-4e91-8076-fdcd36ac857a,+48123451024,+48123459293,2025-12-26T04:50:18+00:00,1335,ANSWERED
0c317021-c634-407a-808e-e8998b50b4c4,+48123451005,+48123454692,2025-12-12T13:53:21+00:00,559,ANSWERED
c657aaf5-a9b8-405b-8dd3-35347ce83e79,+48123451023,+48123452761,2025-12-16T21:39:49+00:00,243,ANSWERED
e189c861-25ea-48c7-809f-77bfaab8a748,+48123451012,+48123455278,2025-12-20T03:05:07+00:00,0,BUSY
16c0a482-86d8-48f7-b353-50a8c8d0fbbc,+48123451012,+48123457651,2025-12-13T07:20:19+00:00,0,FAILED
a4e157f3-69e3-4f2f-b835-140b757926a2,+48123451005,+48123452926,2025-12-29T19:56:06+00:00,336,ANSWERED
6e2cea61-4d9d-4342-aafb-f25232622c18,+48123451003,+48123455408,2025-12-10T12:47:09+00:00,0,BUSY
91c5c1fc-5c53-4130-8247-7888c7143478,+48123451018,+48123457557,2025-12-04T16:16:36+00:00,1605,ANSWERED
622b0590-eec6-42e3-b978-17d64ad8cfbf,+48123451011,+48123457008,2025-12-26T13:17:30+00:00,1009,ANSWERED
e7ceca90-856c-4531-a8e4-509b79ed2fa8,+48123451003,+48123459271,2025-12-30T09:47:56+00:00,545,ANSWERED
d3c21f58-a2ee-47ca-8f89-d6e9624f5ff5,+48123451020,+48123454574,2025-12-08T14:45:11+00:00,1532,ANSWERED
9996b782-bd26-4379-92e5-bc8aeb7f1e6e,+48123451018,+48123457929,2025-12-17T02:29:27+00:00,1081,ANSWERED
3a6c77b3-a18a-46e1-bae1-fb010fa356dc,+48123451022,+48123457739,2025-12-12T19:12:18+00:00,1498,ANSWERED
5ef0699c-73b7-46d5-926f-71005153dc96,+48123451007,+48123455947,2025-12-03T07:24:36+00:00,314,ANSWERED
23385ba3-4691-42fe-9940-a6a01f2b39a8,+48123451017,+48123459307,2025-12-30T00:24:00+00:00,0,BUSY
e5127a7c-db1d-4edf-b490-8221cb37ee31,+48123451020,+48123459654,2025-12-11T03:24:06+00:00,1025,ANSWERED
0524cd97-8bed-4edb-a4eb-3755adb28cac,+48123451005,+48123452613,2025-12-17T21:46:45+00:00,0,FAILED
77b0bc1b-b135-4ad9-a62b-4f4ebee83e71,+48123451010,+48123459947,2025-12-09T10:17:46+00:00,1137,ANSWERED
d452f5b1-60f6-4ec8-ad3b-4a121e51d78b,+48123451020,+48123455101,2025-12-21T19:19:55+00:00,950,ANSWERED
f6c30add-9ef9-4345-adb1-360d8bcd6f72,+48123451014,+48123458563,2025-12-28T11:51:06+00:00,1030,ANSWERED
1867e3ca-2c21-48a9-a531-4d5001881c31,+48123451014,+48123454589,2025-12-09T20:44:13+00:00,1348,ANSWERED
8bec8086-879c-48c3-86b4-0968d3be6100,+48123451000,+48123452840,2025-12-30T20:51:25+00:00,1134,ANSWERED
2db51a99-008b-4c3c-aa0e-848e7d061184,+48123451000,+48123458765,2025-12-05T00:02:21+00:00,1315,ANSWERED
df0f6cb8-488d-4fde-a7a2-175183453805,+48123451009,+48123459291,2025-12-23T02:03:19+00:00,1385,ANSWERED
4500e050-c6c9-4d25-b251-0a8b775ccf0b,+48123451014,+48123459785,2025-12-30T00:43:08+00:00,466,ANSWERED
0fb577b8-b541-44c6-8cb8-f7ddffab6f1e,+48123451014,+48123454719,2025-12-04T07:03:22+00:00,978,ANSWERED
b7808857-41f0-4dde-9dc0-71ea2dc5c042,+48123451022,+48123457383,2025-12-11T21:42:53+00:00,209,ANSWERED
f300317e-9101-46b0-b1f8-3c22fb313b98,+48123451024,+48123457397,2025-12-16T23:08:38+00:00,1709,ANSWERED
4176ad02-5c42-424c-aded-9230490a20cb,+48123451020,+48123459900,2025-12-07T13:46:27+00:00,0,FAILED
6e0f0936-39c5-41ad-94de-a38b3e194882,+48123451011,+48123457751,2025-12-25T00:41:29+00:00,297,ANSWERED
1fded77d-1a04-4dca-9fc9-2bc96219d1b0,+48123451022,+48123458082,2025-12-27T15:10:44+00:00,1261,ANSWERED
01a99b01-0467-45b4-9f7f-9b1abf9ddac4,+48123451006,+48123453536,2025-12-14T14:51:47+00:00,946,ANSWERED
16ba1052-62a0-41e6-9c71-85288ad1ec2f,+48123451006,+48123457871,2025-12-13T15:17:58+00:00,1306,ANSWERED
8653f1f3-9286-47fb-9512-d434a1639acc,+48123451021,+48123456823,2025-12-11T23:55:31+00:00,1358,ANSWERED
16fc6868-dc02-4df4-b5c6-17f20e85ac25,+48123451018,+48123459833,2025-12-09T19:09:00+00:00,1096,ANSWERED
809df071-612d-41c9-8853-35799392bbd8,+48123451023,+48123452397,2025-12-12T19:15:07+00:00,1208,ANSWERED
d0904fd5-aa3a-4e87-8337-9105577be2d1,+48123451015,+48123459572,2025-12-24T10:26:16+00:00,1194,ANSWERED
b91aef6b-c9cb-478b-acc7-e7cb7f0e342e,+48123451005,+48123457984,2025-12-27T18:53:36+00:00,0,FAILED
7c491cba-0aeb-403d-ada0-048c539cb734,+48123451021,+48123456919,2025-12-17T20:27:28+00:00,797,ANSWERED
a2f86e87-c09c-4dfb-aca8-955509b3b52a,+48123451013,+48123456988,2025-12-21T04:51:43+00:00,0,BUSY
499781fb-07bf-42a9-8513-33a90d08a3b8,+48123451012,+48123459893,2025-12-19T02:41:32+00:00,1658,ANSWERED
edcdd730-bb08-4ede-9242-59a8750392d3,+48123451004,+48123453131,2025-12-09T04:26:41+00:00,1736,ANSWERED
c86a4e2b-0eb4-4c09-96d0-66bd05b5004c,+48123451022,+48123456487,2025-12-07T07:20:20+00:00,0,FAILED
27edcd42-4b8b-4299-9e4d-762de7377fc6,+48123451006,+48123453645,2025-12-19T06:36:17+00:00,717,ANSWERED
4273e35b-ad5d-4a95-958c-f5c1f54e59d5,+48123451021,+48123453086,2025-12-02T21:55:49+00:00,0,BUSY
575f5dda-cb33-441b-90c4-f78aee329ecd,+48123451016,+48123456444,2025-12-17T19:52:15+00:00,246,ANSWERED
1be38d78-427f-4e4d-941d-44313aa75839,+48123451024,+48123454885,2025-12-05T23:25:24+00:00,1376,ANSWERED
47ca6849-db3a-4fe0-91a1-ba6254260dda,+48123451022,+48123455419,2025-12-08T04:50:42+00:00,1745,ANSWERED
f7acc166-9abc-49a1-8083-1e83c8b6315c,+48123451013,+48123458621,2025-12-27T15:42:59+00:00,790,ANSWERED
9cc0e373-f22d-4c12-88a9-3450a604d18f,+48123451004,+48123452434,2025-12-23T09:39:43+00:00,1546,ANSWERED
e29cc79f-39f9-4cbe-a6b8-dda696dc344c,+48123451005,+48123454347,2025-12-25T20:03:07+00:00,137,ANSWERED
08a13a15-67f7-4146-865a-947accba5837,+48123451022,+48123458425,2025-12-07T20:53:58+00:00,744,ANSWERED
e90a3458-c96f-4984-8b54-3029c0b0eeab,+48123451014,+48123452839,2025-12-06T22:16:05+00:00,469,ANSWERED
6de9e470-f375-4567-9fed-3bbb4af17bf1,+48123451023,+48123457301,2025-12-21T16:28:28+00:00,1616,ANSWERED
a1059fe5-d256-4c07-9e6e-3de6ab0845ae,+48123451022,+48123454356,2025-12-30T08:41:01+00:00,791,ANSWERED
156e943c-038f-4023-8258-2bd717bb1d4e,+48123451012,+48123455412,2025-12-18T06:29:25+00:00,0,BUSY
e45fae00-0488-46ed-95ae-6817e485c898,+48123451001,+48123452106,2025-12-23T06:10:21+00:00,1789,ANSWERED
d06ecfbf-b66e-4c23-b88f-34e44ed94213,+48123451024,+48123459048,2025-12-22T05:38:02+00:00,0,FAILED
b5f493d4-eb8c-47bd-ab23-1ab7fa2e944f,+48123451020,+48123457772,2025-12-15T18:19:12+00:00,1215,ANSWERED
b05bc0ba-a94a-4bab-aa25-dcc115532db0,+48123451017,+48123458049,2025-12-23T16:38:42+00:00,929,ANSWERED
597dc88c-c721-413d-859d-6d1bffa6c8b0,+48123451005,+48123457592,2025-12-24T14:10:13+00:00,1062,ANSWERED
0d63dd81-0858-4ba0-b217-96ca97c7b0c9,+48123451003,+48123455090,2025-12-19T19:08:25+00:00,551,ANSWERED
4f3a6a76-fb85-44df-a798-3192bce01a01,+48123451004,+48123453318,2025-12-20T21:28:00+00:00,686,ANSWERED
4905a1f7-b394-4f32-9532-f6f4da3cef20,+48123451014,+48123457813,2025-12-30T16:22:51+00:00,0,BUSY
5e948187-197f-4f56-8cb9-3f8c06bf20c8,+48123451010,+48123456889,2025-12-04T00:55:21+00:00,1736,ANSWERED
c51d3f7e-b296-4b84-9fcd-b1d420acf448,+48123451021,+48123454467,2025-12-06T10:29:25+00:00,743,ANSWERED
2b84e9f6-2509-4042-91b1-773196708f33,+48123451002,+48123458422,2025-12-08T14:07:46+00:00,386,ANSWERED
0326d939-183e-4368-bc2e-fd9721c851e8,+48123451016,+48123452558,2025-12-25T05:55:34+00:00,0,FAILED
5f4f96f1-ad7e-4ab6-8bb7-0f0cb56b5739,+48123451017,+48123456399,2025-12-16T14:21:46+00:00,446,ANSWERED
f32742d7-a694-444f-94fa-6639273b31be,+48123451021,+48123454718,2025-12-19T03:20:47+00:00,1551,ANSWERED
52abaca1-6473-4666-bf07-8c680898174f,+48123451019,+48123456345,2025-12-06T22:52:08+00:00,1550,ANSWERED
657993dd-24f0-4b7a-8d8b-06d98262b9bc,+48123451020,+48123452072,2025-12-16T18:04:32+00:00,502,ANSWERED
c5a3878c-ff86-4357-83d1-8fdb3f9d4d5d,+48123451020,+48123457027,2025-12-21T09:40:58+00:00,0,BUSY
2552b648-77ed-4a6d-90ab-b48b83cdd182,+48123451021,+48123459255,2025-12-27T08:09:36+00:00,535,ANSWERED
287eab9f-1c39-4218-b4f1-3abe6b7d0cd7,+48123451017,+48123457930,2025-12-08T23:26:08+00:00,1587,ANSWERED
a9ca7124-3952-41f5-8d19-b21f51ce5816,+48123451011,+48123456213,2025-12-12T05:19:29+00:00,0,FAILED
b716b4f1-8d2c-494a-83f3-daa5a01fe37d,+48123451001,+48123454428,2025-12-23T17:43:40+00:00,0,FAILED
c2202374-a257-4401-b14b-3e2041107c4f,+48123451016,+48123452674,2025-12-24T21:09:11+00:00,0,BUSY
8d813f7f-1ed3-440a-8c02-e0e32ec88d33,+48123451017,+48123456368,2025-12-29T12:29:47+00:00,1382,ANSWERED
5291fbe5-d69b-4b93-b2fa-b0c1568827fc,+48123451020,+48123458337,2025-12-13T04:39:07+00:00,222,ANSWERED
4e239cbb-13b6-4625-87a3-329b053e19c0,+48123451006,+48123456405,2025-12-12T16:36:19+00:00,0,FAILED
f6798b8e-5944-472e-93cb-9714e4cd896a,+48123451002,+48123458118,2025-12-31T10:03:31+00:00,1478,ANSWERED
1e02cb27-039f-4f5e-b28a-882b9c544b31,+48123451010,+48123452310,2025-12-30T00:43:49+00:00,1636,ANSWERED
bbb941f4-af4c-4216-8a4b-0a2d82856d6c,+48123451008,+48123456571,2025-12-22T03:21:02+00:00,539,ANSWERED
c3db9bb4-b7fe-4d56-a1fd-059ab189af9f,+48123451013,+48123455178,2025-12-14T02:14:33+00:00,657,ANSWERED
eaa03683-0cd0-40f6-a07e-a41e8a98c17f,+48123451000,+48123455190,2025-12-08T03:50:00+00:00,1323,ANSWERED
1ec1637f-c946-4d01-860b-607a6d4afbd2,+48123451023,+48123457065,2025-12-05T20:21:58+00:00,1445,ANSWERED
5d625663-1cc2-4ace-89bf-a0447c9e0155,+48123451002,+48123454930,2025-12-27T16:04:42+00:00,0,BUSY
b9a5ca5d-d28e-4f1f-9a4f-06a66c6e0e4b,+48123451021,+48123454468,2025-12-19T16:30:12+00:00,906,ANSWERED
795afed3-1aad-4f66-ac55-ddc06a31b92a,+48123451012,+48123455236,2025-12-31T02:20:30+00:00,0,FAILED
99cb2863-ffc6-4e5e-ac54-526517bb2102,+48123451005,+48123456370,2025-12-14T16:55:10+00:00,1643,ANSWERED
659658f2-e46c-48a5-a654-d7f7e013d2c9,+48123451017,+48123454416,2025-12-25T22:37:41+00:00,0,BUSY
6f54480f-2e48-47a3-86af-1a7b354a04d6,+48123451021,+48123459266,2025-12-03T00:16:37+00:00,0,BUSY
f14feca1-0a82-44cd-bcbb-866854751923,+48123451000,+48123456534,2025-12-26T01:34:53+00:00,0,FAILED
1465b364-6a17-459c-afa1-8b7f256c371d,+48123451001,+48123452041,2025-12-14T13:33:26+00:00,1131,ANSWERED
33342c3e-fd75-4398-bc02-9a7029ca80da,+48123451002,+48123454496,2025-12-16T20:25:47+00:00,855,ANSWERED
ca1ccfc2-ea2f-4f48-8907-9f607916e29a,+48123451020,+48123458975,2025-12-25T04:11:49+00:00,462,ANSWERED
0da21617-c1aa-4ab9-b318-aa588ca72774,+48123451019,+48123458838,2025-12-27T06:48:49+00:00,1384,ANSWERED
7e1c77c5-4c02-411c-97c7-865dcbdc7a17,+48123451018,+48123458981,2025-12-07T12:30:31+00:00,1330,ANSWERED
2af2afdc-2c07-4e6b-9392-bd2e18e97620,+48123451017,+48123452599,2025-12-29T10:25:44+00:00,211,ANSWERED
1afda45e-5fd2-4615-9ac7-26d7a0ffe2cd,+48123451006,+48123457944,2025-12-17T10:37:38+00:00,272,ANSWERED
d080621c-1fc3-4c1e-a04e-750fa069a53f,+48123451021,+48123457369,2025-12-19T12:33:21+00:00,152,ANSWERED
28d3d538-30df-4ae2-8948-47c872ab3765,+48123451006,+48123454603,2025-12-17T13:21:21+00:00,1360,ANSWERED
ed846785-60d3-42f4-a87b-992049fc8f2c,+48123451009,+48123457680,2025-12-06T18:15:24+00:00,756,ANSWERED
1ca9d0c2-c607-4dda-908e-441023a5bc89,+48123451010,+48123459853,2026-01-01T06:43:40+00:00,514,ANSWERED
8aa55457-223b-4631-a1b6-53284deeaf9a,+48123451007,+48123457834,2025-12-12T15:38:43+00:00,1730,ANSWERED
9e9632fd-9bf7-45f1-add2-6df3909628ab,+48123451011,+48123453100,2025-12-17T09:50:04+00:00,992,ANSWERED
6ac34e15-1023-4ad7-ae5f-db2f4a9aeea1,+48123451014,+48123455648,2025-12-18T14:20:29+00:00,1139,ANSWERED
bfb76ea4-ded9-4804-8bb7-f5914ca6c37b,+48123451003,+48123453439,2025-12-28T18:27:07+00:00,584,ANSWERED
